Sun	太阳
Mercury	水星
Venus	金星
Earth	地球
Mars	火星
Jupiter	木星
Saturn	土星
Uranus	天王星
Neptune	海王星
Moon	月球
Deimos	火卫二
Phobos	火卫一
Io	木卫一
Europa	木卫二
Ganymede	木卫三
Callisto	木卫四
Amalthea	木卫五
Himalia	木卫六
Elara	木卫七
Pasiphae	木卫八
Sinope	木卫九
Lysithea	木卫十
Carme	木卫十一
Ananke	木卫十二
Leda	木卫十三
Thebe	木卫十四
Adrastea	木卫十五
Metis	木卫十六
Mimas	土卫一
Enceladus	土卫二
Tethys	土卫三
Dione	土卫四
Rhea	土卫五
Titan	土卫六
Hyperion	土卫七
Iapetus	土卫八
Phoebe	土卫九
Janus	土卫十
Epimetheus	土卫十一
Helene	土卫十二
Telesto	土卫十三
Calypso	土卫十四
Atlas	土卫十五
Prometheus	土卫十六
Pandora	土卫十七
Pan	土卫十八
Ariel	天卫一
Umbriel	天卫二
Titania	天卫三
Oberon	天卫四
Miranda	天卫五
Cordelia	天卫六
Ophelia	天卫七
Bianca	天卫八
Cressida	天卫九
Desdemona	天卫十
Juliet	天卫十一
Puck	天卫十五
Triton	海卫一
Nereid	海卫二
Naiad	海卫三
Thalassa	海卫四
Despina	海卫五
Galatea	海卫六
Larissa	海卫七
Proteus	海卫八
Halimede	海卫九
Psamathe	海卫十
Sao	海卫十一
Laomedeia	海卫十二
Neso	海卫十三
Charon	冥卫一
Nix	冥卫二
Hydra	冥卫三
Kerberos	冥卫四
Styx	冥卫五
Solar System Observer	太阳系全览点
Earth Observer	地球全览点
Mars Observer	火星全览点
Jupiter Observer	木星全览点
Saturn Observer	土星全览点
Uranus Observer	天王星全览点
Neptune Observer	海王星全览点
SpaceShip	宇宙飞船
Ceres	谷神星
Pallas	智神星
Juno	婚神星
Vesta	灶神星
Metis	颖神星
Europa	欧女星
Pandora	祸神星
Galatea	巫女星
Dione	坤神星
Ophelia	欧菲丽亚星
Bianca	歌女星
Titania	提泰妮娅星
Desdemona	黛斯迪蒙娜星
Larissa	拉丽莎星
Prometheus	普罗米修斯星
Epimetheus	厄庇墨透斯星
Cordelia	科迪莉亚星
Pan	潘星
Varuna	伐楼那星
Huya	雨神星
Quaoar	创神星
Sedna	赛德娜星
Orcus	亡神星
Salacia	神星
Pluto	冥王星
Haumea	妊神星
Eris	阋神星
Makemake	鸟神星
Varda	熹神星
Astraea	义神星
Hebe	韶神星
Iris	虹神星
Flora	花神星
Hygiea	健神星
Parthenope	海妖星
Egeria	芙女星
Eunomia	司法星
Psyche	灵神星
Melpomene	司曲星
Fortuna	命神星
Massalia	王后星
Lutetia	司琴星
Amphitrite	海后星
Euphrosyne	丽神星
Daphne	桂神星
Eugenia	香女星
Doris	昏神星
Cybele	原神星
Sylvia	林神星
Thisbe	尽女星
Antiope	休神星
Undina	波女星
Aurora	彩神星
Camilla	驶神星
Nausikaa	瑙女星
Kleopatra	艳后星
Ida	艾女星
Mathilde	玛蒂尔德星
Thule	图勒星
Glauke	渌神星
Brucia	布鲁西亚星
Bamberga	斑贝格星
Ursula	厄苏拉星
Diotima	狄奥提玛星
Eros	爱神星
Patientia	忍神星
Veritas	威耳塔斯星
Davida	黛维达星
Herculina	大力神星
Achilles	艾基利斯
Hektor	赫克托星
Interamnia	英特拉美尼亚星
Albert	艾伯特星
Lipperta	里佩尔塔星
Ara	阿拉星
Maritima	玛丽蒂玛星
Hidalgo	伊达尔戈星
Gaspra	加斯普拉星
Ganymed	甘尼梅德星
China	中华星
Amor	阿莫尔星
Schorria	斯古瑞亚星
Cincinnati	辛辛那提星
Icarus	伊卡洛斯星
Betulia	拜突利亚星
Geographos	地理星
Toro	托罗星
Antinous	安提诺乌斯星
Daedalus	代达罗斯星
Cerberus	 塞伯拉斯星
Sisyphus	西绪福斯星
Shaposhnikov	沙波什尼科夫星
Midas	迈达斯星
Chiron	喀戎星
Aten	 阿登星
Bacchus	酒神星
Ra-Shalom	拉-舍拉姆星
Adonis	阿多尼斯星
Tantalus	坦塔罗斯星
Aristaeus	阿里斯泰俄斯星
Oljato	奥加托星
Hephaistos	赫菲斯托斯星
Orthos	奥尔索斯星
Hathor	哈索尔星
Tolkien	托尔金星
Steins	斯坦斯星
Hopi	霍皮星
Eger	伊格尔星
Phaethon	法厄同星
Syrinx	绪任克斯星
Orpheus	俄耳甫斯星
Khufu	胡夫星
Amun	阿蒙星
Dionysus	庆神星
Camillo	卡米罗星
Cruithne	克鲁特尼星
Epona	伊波那星
Wilson-Harrington	威尔逊-哈灵顿星
Vishnu	毗瑟星
Toutatis	图塔蒂斯星
Cuno	库诺星
Morpheus	梦神星
Ubasti	乌巴斯蒂星
Poseidon	海神星
Mithra	密特拉星
Barklajdetolli	巴卡拉加托里星
Xanthus	克珊托斯星
Asclepius	医神星
Nereus	涅柔斯星
Castalia	加斯塔利亚星
Ptah	普塔星
Heracles	赫拉克勒斯星
Eureka	尤里卡星
Sekhmet	狮女星
Annefrank	安妮・弗兰克星
Zeus	宙斯星
Talos	塔罗斯星
Jason	詹森星
Minos	米诺斯星
Cadmus	卡德摩斯星
Kwiila	奎拉星
Braille	布莱尔星
Izhdubar	伊祖杜巴星
Sigurd	齐格鲁德星
Peleus	珀琉斯星
Tomaiyowit	托麦约威特星
Summanus	苏玛努斯星
Tukmit	图克米特星
Zephyr	泽菲尔星
Hypnos	睡神星
Ahau	阿华星
Itokawa	糸川星
Illapa	伊拉帕星
Beowulf	贝奥武夫星
Didymos	狄律摩斯星
Hermes	赫耳墨斯星
Mjolnir	姆吉尼尔星
Apophis	神星
Selqet	蝎女星
Tjelvar	炬神星
Ryugu	龙宫星
Atira	阿迪娜星
Nut	穹神星
Akhenaten	阿肯那顿星
Duende	恶魔星
Otrera	奥特瑞拉星
Great Comet of 1680 (C/1680 V1)	1680年大彗星(C/1680 V1)
Tycho's Supernova	第谷超新星
Kepler's Supernova	开普勒超新星
Cassiopeia A	仙后座A
S Andromedae	仙女座S
Nova	新星
Crab Pulsar	蟹云脉冲星
Geminga Pulsar	杰敏卡脉冲星
Monogem Pulsar	摩诺根脉冲星
Vela Pulsar	船帆脉冲星
Lich	巫妖 Lich
Calvera	卡尔维拉X射线源
Cir Pulsar	圆规脉冲星
Tasmanian Devil Nebula	塔斯马尼亚魔鬼星云
Hulse-Taylor Pulsar	赫尔斯-泰勒脉冲星
Black Widow	毒蜘蛛脉冲星
Dragonfly Nebula	蜻蜓星云
Guitar Nebula	吉他星云
LGM-1	LGM-1脉冲星
Veritate	蛇增九 Veritate
Spe	希望 Spe
Musica	司非增二 Musica
Arion	阿里翁 Arion
Fafnir	扶筐增二 Fafnir
Orbitar	轨道 Orbitar
Chalawan	天牢三 Chalawan
Taphao Thong	鳄鱼王姊 Taphao Thong
Taphao Kaew	鳄鱼王妹 Taphao Kaew
Helvetios	室宿增一 Helvetios
Dimidium	半 Dimidium
Copernicus	轩辕增十九 Copernicus
Galileo	伽利略 Galileo
Brahe	第谷・布拉赫 Brahe
Lipperhey	李普希 Lipperhey
Janssen	詹森 Janssen
Harriot	哈里W特 Harriot
Amateru	阿玛特鲁 Amateru
Hypatia	希帕提娅 Hypatia
Ran	天苑四 Ran
AEgir	埃吉尔 AEgir
Tadmor	塔德穆尔 Tadmor
Dagon	大衮 Dagon
Tonatiuh	托纳季乌 Ogma
Meztli	麦西莉 Meztli
Ogma	奥马 Ogma
Smertrios	史墨西W Smertrios
Intercrus	上台增七 Intercrus
Arkas	阿卡斯 Arkas
Cervantes	塞万提斯 Cervantes
Quijote	堂吉诃德 Quijote
Dulcinea	杜尔西内娅 Dulcinea
Rocinante	驽U难得 Rocinante
Sancho	桑丘 Sancho
Thestias	忒斯提娅斯 Thestias
Draugr	尸鬼 Draugr
Poltergeist	喧闹鬼 Poltergeist
Phobetor	福柏托尔 Phobetor
Titawin	天大将军六
Saffar	萨法尔 Saffar
Samh	萨姆 Samh
Majriti	马吉里蒂 Majriti
Libertas	河鼓增八 Libertas
Fortitudo	坚韧 Fortitudo
Teegarden's	蒂加登 Teegarden's
Teegarden's Star	蒂加登星 Teegarden's Star
Illyrian	伊利里亚人 Illyrian
Arber	阿尔伯 Arber
Hoggar	霍加尔 Hoggar
Tassili	塔西利 Tassili
Arcalís	阿卡利斯 Arcalís
Madriu	马德留 Madriu
Nosaxa	春天 Nosaxa
Naqa?a	纳卡亚 Naqa?a
Malmok	马尔摩 Malmok
Bocaprins	博卡普林斯 Bocaprins
Bubup	Bubup
Yanyan	Yanyan
Franz	弗朗兹 Franz
Sissi	茜茜 Sissi
Mahsati	Mahsati
Ganja	甘贾 Ganja
Timir	Timir
Tondra	Tondra
Nervia	Nervia
Eburonia	Eburonia
Gakyid	Gakyid
Drukyul	Drukyul
Tapecue	Tapecue
Yvaga	Yvaga
Bosona	Bosona
Naron	Naron
Tupi	Tupi
Guarani	Guarani
Gumala	Gumala
Mastika	Mastika
Tangra	Tangra
Bendida	Bendida
Mouhoun	Mouhoun
Nakanbé	Nakanbé
Nikawiy	Nikawiy
Awasis	Awasis
Pincoya	Pincoya
Caleuche	Caleuche
Lionrock	狮子山 Lionrock
Victoriapeak	太平山 Victoriapeak
Xihe	羲和 Xihe
Wangshu	望舒 Wangshu
Formosa	福尔摩沙 Formosa
Sazum	水沙连 Sazum
Macondo	Macondo
Melquíades	Melquíades
Poerava	Poerava
Pipitea	Pipitea
Dìw?	Dìw?
Dits??	Dits??
Stribor	Stribor
Veles	Veles
Felixvarela	Felixvarela
Finlay	Finlay
Alasia	Alasia
Onasilos	Onasilos
Absolutno	Absolutno
Makropulos	Makropulos
Muspelheim	Muspelheim
Surt	Surt
Márohu	Márohu
Boinayel	Boinayel
Nenque	Nenque
Eyeke	Eyeke
Citalá	Citalá
Cayahuanca	Cayahuanca
Koit	Koit
H?marik	H?marik
Buna	Buna
Abol	Abol
Horna	Horna
Hiisi	Hiisi
Bélénos	Bélénos
Bélisama	Bélisama
Itonda	Itonda
Mintome	Mintome
Mago	Mago
Neri	Neri
Sika	Sika
Toge	Toge
Lerna	Lerna
Iolaus	Iolaus
Tojil	Tojil
Koyopa'	Koyopa'
Citadelle	Citadelle
Indépendance	Indépendance
Hunahpú	Hunahpú
Ixbalanqué	Ixbalanqué
Hunor	Hunor
Magor	Magor
Funi	Funi
Fold	Fold
Bibhā	Bibhā
Santamasa	Santamasa
Dofida	Dofida
Noifasui	Noifasui
Kaveh	Kaveh
Kavian	Kavian
Uruk	Uruk
Babylonia	Babylonia
Tuiren	Tuiren
Bran	Bran
Tevel	Tevel
Alef	Alef
Flegetonte	Flegetonte
Lete	Lete
Nyamien	Nyamien
Asye	Asye
Kamui	Kamui
Chura	Chura
Petra	Petra
Wadirum	Wadirum
Kalausi	Kalausi
Buru	Buru
Liesma	Liesma
Staburags	Staburags
Phoenicia	Phoenicia
Beirut	Beirut
Pipoltr	Pipoltr
Umb??ssa	Umb??ssa
Taika	Taika
Vytis	Vytis
Lucilinburhuc	Lucilinburhuc
Peitruss	Peitruss
Rapeto	Rapeto
Trimobe	Trimobe
Intan	Intan
Baiduri	Baiduri
Sansuna	Sansuna
?gantija	?gantija
Diya	Diya
Cuptor	Cuptor
Axólotl	Axólotl
Xólotl	Xólotl
Tislit	Tislit
Isli	Isli
Emiw	Emiw
Hairu	Hairu
Ayeyarwady	Ayeyarwady
Bagan	Bagan
Sagarmatha	Sagarmatha
Laligurans	Laligurans
Sterrennacht	Sterrennacht
Nachtwacht	Nachtwacht
Karaka	Karaka
Kererū	Kererū
Cocibolca	Cocibolca
Xolotlan	Xolotlan
Amadioha	Amadioha
Equiano	Equiano
Násti	Násti
Albmi	Albmi
Shama	Shama
Perwana	Perwana
Moriah	Moriah
Jebus	Jebus
Montuno	Montuno
Pollera	Pollera
Tup?	Tup?
Tumearandu	Tumearandu
Inquill	Inquill
Sumajmajta	Sumajmajta
Amansinaya	Amansinaya
Haik	Haik
Uklun	Uklun
Leklsullun	Leklsullun
Solaris	Solaris
Pirx	Pirx
Lusit?nia	Lusit?nia
Viriato	Viriato
Koeia	Koeia
Aumatex	Aumatex
Moldoveanu	Moldoveanu
Negoiu	Negoiu
Dombay	Dombay
Teberda	Teberda
Belel	Belel
Dopere	Dopere
Morava	Morava
Vlasina	Vlasina
Parumleo	Parumleo
Viculus	Viculus
Chaso	Chaso
Krá?omoc	Krá?omoc
Irena	Irena
Iztok	Iztok
Naledi	Naledi
Krotoa	Krotoa
Baekdu	白头 Baekdu
Halla	汉拿 Halla
Rosalíadecastro	Rosalíadecastro
Riosar	Riosar
Sāmaya	Sāmaya
Samagiya	Samagiya
Aniara	Aniara
Isagel	Isagel
M?nch	M?nch
Eiger	Eiger
Ebla	Ebla
Ugarit	Ugarit
Mpingo	Mpingo
Tanzanite	Tanzanite
Chaophraya	Chaophraya
Maeping	Maeping
Atakoraka	Atakoraka
Agouto	Agouto
Dingolay	Dingolay
Ramajay	Ramajay
Chechia	Chechia
Khomsa	Khomsa
Anadolu	Anadolu
G?ktürk	G?ktürk
Berehinya	Berehinya
Tryzub	Tryzub
Sharjah	Sharjah
Barajeel	Barajeel
Gloas	Gloas
Cruinlagh	Cruinlagh
Nushagak	Nushagak
Mulchatna	Mulchatna
Ceibo	Ceibo
Ibirapitá	Ibirapitá
Natasha	Natasha
Madalitso	Madalitso
Andromedae	仙女座
Antliae	唧筒座
Apodis	天燕座
Aquarii	宝瓶座
Aquilae	天鹰座
Arae	天坛座
Arietis	白羊座
Aurigae	御夫座
Bootis	武仙座
Caeli	雕具座
Camelopardalis	鹿豹座
Cancri	巨蟹座
Canum Venaticorum	猎犬座
Canis Majoris	大犬座
Canis Minoris	小犬座
Capricorni	摩羯座
Carinae	船底座
Cassiopeiae	仙后座
Centauri	半人马座
Cephei	仙王座
Ceti	鲸鱼座
Chamaeleontis	i蜓座
Circini	圆规座
Columbae	天鸽座
Comae Berenices	天鸽座
Coronae Australis	南冕座
Coronae Borealis	北冕座
Corvi	乌鸦座
Crateris	巨爵座
Crucis	南十字座
Cygni	天鹅座
Delphini	海豚座
Doradus	剑鱼座
Draconis	天龙座
Equulei	小马座
Eridani	波江座
Fornacis	天炉座
Geminorum	双子座
Gruis	天鹤座
Herculis	武仙座
Horologii	时钟座
Hydrae	长蛇座
Hydri	水蛇座
Indi	印第安座
Lacertae	蝎虎座
Leonis	狮子座
Leonis Minoris	小狮座
Leporis	天兔座
Librae	天秤座
Lupi	豺狼座
Lyncis	天猫座
Lyrae	天琴座
Mensae	山案座
Microscopii	显微镜座
Monocerotis	麒麟座
Muscae	苍蝇座
Normae	矩尺座
Octantis	南极座
Ophiuchi	蛇夫座
Orionis	猎户座
Pavonis	孔雀座
Pegasi	飞马座
Persei	英仙座
Phoenicis	凤凰座
Pictoris	绘架座
Piscium	双鱼座
Piscis Austrini	南鱼座
Puppis	船尾座
Pyxidis	罗盘座
Reticuli	网罟座
Sagittae	天箭座
Sagittarii	人马座
Scorpii	天蝎座
Sculptoris	玉夫座
Scuti	盾牌座
Serpentis	巨蛇座
Sextantis	六分仪座
Tauri	金牛座
Telescopii	望远镜座
Trianguli	三角座
Trianguli Australis	南三角座
Tucanae	杜鹃座
Ursae Majoris	大熊座
Ursae Minoris	小熊座
Velorum	船帆座
Virginis	室女座
Volantis	飞鱼座
Vulpeculae	狐狸座
Bow-Tie Nebula	蝴蝶结星云
Scarab Nebula	披风星云
String of Pearls	珍珠串星系
Robert's Quartet	罗伯特四重星系
47 Tuc	杜鹃座47球状星团
NGC 128 group	NGC 128星系群
Giant Squid Galaxy	大王乌贼星系
Polarissima Cluster	近极星团
Great Star Cloud in Andromeda Galaxy	仙女座星系中的大恒星云
Andromeda Galaxy	仙女座星系
Andromeda Nebula	仙女座星云
Great Nebula in Andromeda	仙女座大星云
Sailboat Cluster	帆船星团
Broken Heart Cluster	碎心星团
Skull Nebula	头骨星云
Soap Bubble Nebula	肥皂泡星云
Voodoo Mask Nebula	巫毒面具星云
Burbidge Chain	伯比奇链
Sculptor Galaxy	玉夫座星系
Silver Coin Galaxy	银币星系
Silver Dollar Galaxy	银元星系
Pacman Nebula	吃豆人星云
Pac-Man Nebula	食鬼星云
Lafitte's Grand Isle	拉菲特大钢琴星云
Southern Pinwheel Galaxy	南风车星系
Pisces Cloud	双鱼座云
NGC 383 group	NGC 383星系群
Markarian 348	马卡良348
Small Magellanic Cloud	小麦哲伦云
SMC	SMC
Nubecula Minor	小麦云
Mirach's Ghost	奎宿九之魂
Lost Pearl Galaxy	遗珠星系
NGC 507 group	NGC 507星系群
Dragonfly Cluster	蜻蜓星团
Owl Cluster	猫头鹰星团
E.T. Cluster	外星人星团
Whirligig Galaxy	转马星系
Little Spindle Galaxy	小主轴星系
Triangulum Galaxy	三角座星系
Triangulum Pinwheel	三角座风车
Pinwheel Galaxy	风车星系
Triangulum Nebula	三角座大星云
Phantom Galaxy	幻影星系
Little Dumbbell Nebula	小哑铃星云
Cork Nebula	软木塞星云
Barbell Nebula	杠铃星云
Butterfly Nebula	蝴蝶星云
Fuzzy Butterfly Cluster	迷蝶星团
Yin-Yang Cluster	阴阳星团
Lawnmower Cluster	割草机星团
Letter S Cluster	字母S星团
Fiddlehead Galaxy	蕨菜星系
Double Cluster	双星团
h Persei	英仙座h
χ Persei	英仙座χ
Darth Vader's Starfighter	达斯・维德的星际战舰
Perseus Lenticular Galaxy	仙人掌星系
Spiral Cluster	螺旋星团
Fornax Dwarf Cluster 3	天炉座矮星系球状星团3
Fornax H3	天炉座H3
Fornax C3	天炉座C3
Fornax 3	天炉座3
Fornax Dwarf	天炉座矮星系
Cetus A	鲸鱼座A
Eye of God Galaxy	上帝之眼星系
Patrick Starfish Cluster	帕特里克海星星团
Snow Collar Galaxy	雪领星系
Perseus A	英仙座A
Fornax A	天炉座A
Fornax B	天炉座B
Embryo Nebula	胚胎星云
Phantom Tiara	幻影头饰星云
Little Scorpion Cluster	小蝎星团
Stingray Cluster	黄貂鱼星团
Sea Robin Cluster	棘角鱼星团
The Colossal Cosmic Eye	宇宙大眼睛星系
Robin's Egg Nebula	知更鸟蛋星云
Comet Planetary Nebula	彗星行星状星云
Great Barred Spiral Galaxy	大棒旋星系
Eridanus A Group	波江座A星系群
Maia Nebula	昴宿四星云
Merope Nebula	昴宿五星云
Tempel's Nebula	坦普尔星云
Fossil Footprint Nebula	化石足迹星云
California Nebula	加利福尼亚星云
Dragon Nebula	龙星云
Camel's Eye Nebula	骆驼之眼星云
Oyster Nebula	牡蛎星云
Blue Oyster Nebula	蓝牡蛎星云
Jolly Roger Cluster	海盗旗星团
Golden Harp Cluster	金竖琴星团
Crystal Ball Nebula	水晶球星云
Pansy Nebula	三色堇星云
m & m Double Cluster	M&M双星团
Cleopatra's Eye Nebula	埃及艳后之眼星云
Eskimo's Wife Nebula	爱斯基摩之妻星云
Celestial Jellyfish	天水母星云
Ghost of Neptune Nebula	海王星之魂星云
Running Man Cluster	奔跑人星团
Magic Pentagram Cluster	魔术五角星团
Struve's Lost Nebula	斯特鲁维遗失星云
Struve's Nebula	斯特鲁维星云
Hind's Variable Nebula	欣德变光星云
Hind's Nebula	欣德星云
Northern Trifid Nebula	北三裂星云
Carafe Group	雕具座星系群
Pirate Moon Cluster	海盗之月星团
4-H cluster	4-H 星团
Cosmic Bat Nebula	宇宙蝙蝠星云
Foxface Nebula	狐狸脸星云
Poor Man's Double Cluster	贫双星团
Letter Y Cluster	字母Y星团
S Dor Cluster	剑鱼座S星团
Starfish Cluster	海星星团
Letter Pi Cluster	字母π星团
The Fly Nebula	苍蝇星云
Crab Nebula	蟹状星云
Taurus A	金牛座A
Pinwheel Cluster	风车星团
Mermaid's Purse Nebula	美人鱼的钱包星云
Running Man Nebula	跑步者星云
Great Orion Nebula	猎户座大星云
Orion Nebula	猎户座星云
Orion A	猎户座A
Mermaid's Purse	美人鱼的钱包
The Lost Jewel of Orion	猎户座遗失宝石
Lower Sword	猎户座下半剑
Coal Car Cluster	煤车星团
Upper Sword	猎户座上半剑
de Mairan's Nebula	迪马伦星云
Mairan's Nebula	梅朗星云
ε Ori Nebula	参宿二星云
13th Pearl Nebula	第13珍珠星云
Rubber Stamp Nebula	橡皮戳星云
Black Eye Nebula	黑眼星云
Kissing Crescents Nebula	吻月星云
Orion's Collarbone Nebula	猎户的锁骨星云
Flame Nebula	火焰星云
Tank Tracks Nebula	坦克履带星云
Maple Leaf Nebula	枫叶星云
Lips Nebula	唇星云
Burning Bush Nebula	火树星云
The Ghost of Alnitak	参宿一之魂
30 Dor B	剑鱼座30 B
Casper the Friendly Ghost Nebula	鬼马小精灵星云 
Tarantula Nebula	狼蛛星云
Great Looped Nebula	大环星云
True Lovers' Knot	同心结星云
30 Dor Cluster	剑鱼座30星团
30 Dor Nebula	剑鱼座30星云
Ghost Head Nebula	鬼头星云
January Salt-and-Pepper Cluster	一月椒盐星团
Auriga Salt and Pepper Cluster	御夫座椒盐星团
Dusty Hand Galaxy	脏手星系
Shoe-Buckle Cluster	鞋扣星团
The 37 Cluster	37星团
The 'LE' Cluster	LE星团
Shopping Cart Cluster	购物车星团
Little Pleiades	小七姐妹星团
Mon R2 IRS3	麒麟座R2 IRS3
Monkey Head Nebula	猴头星云
Intergalactic Wanderer	漫游者星团
Double Wedge Cluster	双锥状星团
Rosette Nebula	玫瑰星云
Rosette A	玫瑰A
NGC 2244 Satellite Cluster	NGC 2244的卫星星团
Harp Cluster	竖琴星团
Rosette B	玫瑰B
Hubble's Variable Nebula	哈勃变光星云
Hubble's Nebula	哈勃星云
Christmas Tree Cluster	圣诞树星团
Cone Nebula	圆锥星云
Fox Fur Nebula	狐皮星云
Head Hunter Cluster	猎头星团
Starfighter Cluster	星际战士星团
Little Beehive Cluster	小蜂巢星团
Hagrid's Dragon Cluster	海格的龙星团
Great Bird Cluster	大鸟星团
Copeland's Golden Worm	科普兰的金蠕虫
Heart-Shaped Cluster	心状星团
Coil Cluster	线圈星团
Doublemint Cluster	箭头星团
Hourglass Planetary Nebula	沙漏行星状星云
Crimson Butterfly Nebula	红蝴蝶星云
Avery's Island	艾弗里岛星团
Thor's Helmet	雷神的头盔
Duck Head Nebula	鸭头星云
Flying Eye Nebula	飞眼星云
Duck Nebula	鸭星云
Caroline's Cluster	卡罗琳星团
τ CMa Cluster	弧矢增六星团
Mexican Jumping Star	墨西哥跳跃星
Pirate's Jewels Cluster	海盗宝石星团
Charlie Brown's Christmas Tree	查理・布朗的圣诞树
Gemini Nebula	双子座星云
Ant Nebula	蚂蚁星云
Double Bubble Nebula	双泡星云
Peanut Nebula	花生星云
Eskimo Nebula	爱斯基摩星云
Clown Face Nebula	丑脸星云
Firsse 213	菲尔瑟213
Intergalactic Tramp	星际漫游者
Twinkling Comet Cluster	彗闪星团
Bold Arrow Cluster	宽箭头星团
Albino Butterfly Nebula	白蝴蝶星云
Burning Ember Nebula	烈火星云
Bat Nebula	蝙蝠星云
Kiss Nebula	吻星云
Little Lips Nebula	樱唇星云
Meathook Galaxy	肉钩星系
Butterfly Cluster	蝴蝶星团
Stinging Scorpion Cluster	刺蝎星团
Skull and Crossbones Nebula	骷髅头星云
Chained Brooch Nebula	链式胸针星云
Electric Guitar Cluster	电吉他星团
Termite Hole Cluster	白蚁洞星团
Sprinter Cluster	短跑人星团
Diamond Cluster	钻石星团
Southern Beehive	南蜂巢星团
Bear's Paw Galaxy	熊掌星系
Bear Claw Nebula	熊掌星云
The Dish Cluster	盘状星团
Heart and Dagger Cluster	心与匕首星团
Wounded Heart Cluster	伤心星团
Golden Earring Cluster	金耳环星团
St. Peter's Cross Cluster	圣彼得十字星团
Malus Cluster	马吕斯星系团
Polarissima Australis	南极星系
Beehive Cluster	蜂巢星团
Praesepe	鬼星团
Manger	马槽星团
Golden-Eye Cluster	金眼星团
Pac-Man Cluster	吃豆人星团
King Cobra Cluster	眼镜王蛇星团
UFO Galaxy	UFO星系
Helix Galaxy	螺旋星系
Pancake Galaxy	煎饼星系
Spindle Galaxy	纺锤星系
Pencil Nebula	铅笔星云
Herschel's Ray Nebula	赫歇尔的线条星云
NGC 2769 Group	NGC 2769星系群
Supernova Factory	超新星工厂星系
Tiger's Eye Galaxy	虎眼星系
The Penguin Galaxy	企鹅星系
The Porpoise Galaxy	海豚星系
The Egg Galaxy	蛋星系
Bode's Galaxy	波德星系
Bode's Nebula	波德星云
The Great Spiral	大漩涡星系
Cigar Galaxy	雪茄星系
Ursa Major A	大熊座A
The Garland Galaxy	花环星系
The Phantom Frisbee Galaxy	幻影飞碟星系
Hand Cluster	手状星团
Spindle Nebula	主轴星云
Eight-Burst Planetary Nebula	双环星云
Southern Ring Nebula	南指环星云
Polarissima Borealis	北极星系
Polarissima	近极星系
Little Pinwheel Galaxy	小风车星系
Leo Quartet	狮子座四重星系
NGC 3190 Group	NGC3190星系群
Queen's Cache Cluster	女王的私藏星团
Ghost of Jupiter Nebula	木魂星云
Eye Nebula	眼星云
Gem Cluster	宝石星团
Spider Spit Cluster	蛛丝星团
Little Jewel Box	小珠宝星团
Keyhole Nebula	钥匙孔星云
The Gabriela Mistral Nebula	加夫列拉・米斯特拉尔星云
Sliced Onion Galaxy	洋葱切片星系
η Car Nebula	船底座星云
Homunculus Nebula	侏儒星云
The Great Nebula in Carina	船底座大星云
Knitting Needle Galaxy	编制针星系
Wishing Well Cluster	许愿井星团
Firefly Party Cluster	萤火虫群星团
Pincushion Cluster	枕星团
The Pin Cushion Cluster	针垫星团
Surfboard Galaxy	冲浪板星系
Ambartsumian's Knot	安巴楚勉之结
The Guitar	吉他星系
Statue of Liberty Nebula	自由女神星云
Owl Nebula	夜枭星云
Frame Galaxy	眼镜框星系
Southern Cross Galaxy	南十字星系
Leo Triplet	狮子座三重星系
Hamburger Galaxy	汉堡星系
King Hamlet's Ghost	哈姆雷特王之魂
Vanishing Galaxy	消没星系
Copeland's Septet	科普兰七重星系
Pearl Cluster	珍珠星团
Rich Man's Jewel Box	富翁的珠宝盒
Blue Planetary Nebula	蓝行星状星云
The Southerner	南方人星云
Miniature Spiral	微螺旋星系
Vacuum Cleaner Galaxy	吸尘器星系
NGC 4005 group	NGC 4005星系群
Antennae	触须星系
Ring-Tail Galaxy	环尾星系
Snorter	套索星系
The Longtail	长尾星团
Kick the Can Cluster	踢罐星团
The Box	方盒星系群
Medusa Galaxy	美杜莎星系
Medusa merger	美杜莎合并星系
Medusa Galaxy Merger	美杜莎星系合并
Silver Streak Galaxy	银纹星系
Weaver's Shuttle Galaxy	织布梭星系
Virgo Cluster Pinwheel	室女座星系团风车
Coma Pinwheel Galaxy	后发座风车星系
St. Catherine’s Wheel	圣凯瑟琳轮
Faust V023	浮士德V023
Swelling Spiral Galaxy	胖螺旋星系
Blowdryer Galaxy	吹风机星系
Mirror Galaxy	镜子星系
Galaxy Cluster	室女座星系团
Lawn Sprinkler Nebula	洒水器星云
Markarian's Chain	马卡良星系链
Great Galactic Face	星系构成的脸
Faust V051	浮士德V051
The Eyes	双眼星系
Copeland's Eyes	科普兰之眼
Virgo Galaxy	室女座星系
Virgo A	室女座A
Smoking gun	烟枪星系
Cocoon Galaxy	茧星系
Shapley-Ames 2	夏普利-艾姆斯2
Lost Galaxy	遗失星系
Hairy Eyebrow Galaxy	眉毛星系
The Lost Galaxy of Copeland	科普兰遗失星系
Koi Fish Galaxy	锦鲤星系
Needle Galaxy	针状星系
Berenice's Hair Clip	 贝雷奈西的发卡
Flying Saucer Galaxy	飞碟星系
Siamese Twins	双胞胎星系
Fish and Chips Galaxies	鱼薯条星系
Sombrero Galaxy	草帽星系
Dark Lane Galaxy	暗带星系
Faberge Egg Galaxy	俄罗斯彩蛋星系
Frankenstein Galaxy	弗兰肯斯坦星系
Coalsack Cluster	煤袋星团
Centaurus Chain	半人马座星系链
Whale Galaxy	鲸鱼星系
Herring Galaxy	鲱鱼星系
Umbrella Galaxy	伞星系
Crowbar Galaxy	撬棒星系
Hockey Stick Galaxy	曲棍球星系
The Hook	钩星系
The Hummingbird	蜂鸟星系
Fishhook Galaxy	鱼钩星系
Superwind-Galaxy	超级风星系
Mice Galaxies	双鼠星系
Vinyl LP Galaxy	黑胶唱片星系
Croc's Eye Galaxy	鳄鱼眼星系
Dust Devil Galaxy	尘卷暴星系
Jewel Box	宝盒星团
Herschel's Jewel Box	赫歇尔的珠宝盒
κ Cru Cluster	南十字座κ星团
Paper-Kite Galaxy	纸风筝星系
Kidney Bean Galaxy	腰豆星系
Black Eye Galaxy	黑眼星系
Evil Eye Galaxy	邪眼星系
Sleeping Beauty Galaxy	睡美人星系
The Southern Butterfly	南天蝴蝶星团
Coma B	后发座B
Z Coma Coma	后发座Z彗发星系
The Tweezers Galaxy	镊子星系
Waterbug Galaxy	田鳖星系
NGC 5044 group	NGC 5044星系群
Sunflower Galaxy	向日葵星系
Iota's Ghost	柱十一之魂
Centaurus A	半人马座A
The Hamburger Galaxy	汉堡星系
ω Cen Cluster	半人马座奥米茄星团
Spiral Planetary Nebula	螺旋行星状星云
Whirlpool Galaxy	涡状星系
Question Mark Galaxy	问号星系
Rosse's Galaxy	罗斯星系
Spiral Nebula	漩涡星云
Whirlpool Nebula	涡状星云
A Justifiable Replacement for M51	M51替代者
Keenan's System	基南系统
Thousand Rubies Galaxy	千红宝石星系
Seashell Galaxy	贝壳星系
NGC 5353 group	NGC 5353星系群
The Heron Galaxy	苍鹭星系
NGC 5416 group	NGC 5416星系群
Snowglobe Cluster	雪球星团
Ghost Globular Cluster	鬼魂球状星团
Dracula Cluster	德古拉星团
NGC 5629 group	NGC 5629星系群
Gypsy Moth Cluster	舞毒蛾星团
Blade and Pearl Galaxy	刃珠星系
The Mini Sombrero Galaxy	迷你墨西哥帽星系
Fool's Gold Galaxy	金钱游戏星系
Ghost of Uranus	天王星之魂星云
Fath 703	法思703
Rose Cluster	玫瑰星团
Splinter Galaxy	分裂星系
Cat Scratch Galaxy	猫爪星系
Knife Edge Galaxy	刀锋星系
Seyfert's Sextet	赛弗特六重星系
Serpens Sextet	巨蛇座六兄弟
S Nor Cluster	矩尺座S星团
Crab Globular Cluster	蟹状星团
Spider Globular Cluster	蜘蛛球状星团
Little Pincushion	小枕星团
The Crucifix Cluster	十字架星团
Rim Nebula	环星云
μ Normae Cluster	矩尺座μ星团
Great Star Cluster in Hercules	武仙座球状星团
Hercules Globular Cluster	武仙座大球状星团
Turtle Nebula	乌龟星云
Gumball Globular Cluster	口香糖球状星团
Prize Comet Globular Cluster	彗星奖球状星团
False Comet Nebula	伪彗星星云
Northern Jewel Box Cluster	北宝盒星团
Table of Scorpius Cluster	天蝎座表
Crocodile Cluster	鳄鱼星团
Flickering Globular Cluster	闪球星团
Moth Wing Cluster	蛾翼星团
Bug Nebula	小虫星云
Box Nebula	方盒星云
Exclamation Mark Nebula	感叹号星云
Cat's Paw Nebula	猫掌星云
Cheerio Nebula	麦圈星云
Lobster Nebula	龙虾星云
War and Peace Nebula	战争与和平星云
Little Ghost Nebula	小鬼魂星云
Ghost of Mars Nebula	火星之魂星云
Tonantzintla 1	托南钦特拉1球状星团
Phantom Cluster	幻影星团
Long John Silver Cluster	约翰・西尔弗星团
Splendors of the Heavens	天堂之辉
Silver Nugget Cluster	银块星团
Little Gem Nebula	小宝石星云
Tom Thumb Cluster	汤姆拇指星团
Ptolemy's Cluster	托勒密星团
Lost in Space Galaxy	太空迷航星系
Trifid Nebula	三裂星云
Dead Man's Chest Cluster	亡灵宝藏星团
Castaway Cluster	遇难者星团
Baade's Window	巴德窗
Lagoon Nebula	礁湖星云
Herschel 36	赫歇尔36
Hourglass Cluster	沙漏星团
Webb's Cross	韦伯的十字架
Red spider Nebula	红蜘蛛星云
Cacciatore Cluster	砂锅星团
Cat's Eye Nebula	猫眼星云
Sunflower Nebula	向日葵星云
Snail Nebula	蜗牛星云
Blue Racquetball Nebula	蓝壁球星云
Emerald Nebula	翡翠星云
Turquoise Orb Nebula	绿松石星云
Emerald Eye Planetary Nebula	祖母绿之眼行星状星云
Planet Krypton Nebula	氪星星云
Eagle Nebula	鹰星云
Star Queen Nebula	星之女王星云
Black Swan Cluster	黑天鹅星团
Omega Nebula	奥米茄星云
Swan Nebula	天鹅星云
Horseshoe Nebula	马蹄星云
Checkmark Nebula	核对符号星云
Edward's Galaxy	爱德华星系
Tweedledum Cluster	双胞胎星团
Captain Hook Cluster	胡克船长星团
Wasp-Waist Cluster	蜂腰星团
Tadpole Cluster	蝌蚪星团
Great Sagittarius Cluster	人马座大星团
Crackerjack Cluster	能人星团
Santa's Sleigh Cluster	圣诞雪橇星团
Teacup Cluster	茶杯星团
Wild Duck Cluster	野鸭星团
July Salt-and-Pepper Cluster	七月椒盐星团
Scutum Salt-and-Pepper Cluster	盾牌座椒盐星团
Flying Unicorn Cluster	飞独角兽星团
Ring Nebula	指环星云
Chandelier Cluster	吊灯星团
R CrA Nebula	南冕座R星云
Phantom Streak Nebula	幻影条纹星云
Bird's Head	鸟头星系
Dandelion Puffball Nebula	蒲公英星云
Glowing Eye Nebula	发光的眼睛星云
Pavo Globular Cluster	孔雀座球状星团
The Starfish	孔雀座海星
The Windmill	孔雀座风车
Possible Binary Cluster	可能的双星团
Pentagon	五角星系
Son of M76	M76之子
Snowball Nebula	雪球星云
Ghost of the Moon Nebula	月魂星云
Incredible Shrinking Nebula	收缩星云
Specter Cluster	幽灵星团
The Summer Rose Star	夏日玫瑰之星
Hole in a Cluster	洞穴星团
Nefertiti's headpiece	纳芙蒂蒂的头饰
Smoke Ring	烟圈星团
The Reliquary	圣物箱星团
Green Mars Nebula	绿火星星云
The Foxhead Cluster	狐头星团
Octopus Cluster	章鱼星团
Barnard's Galaxy	巴纳德星系
Hubble X	哈勃X
Blinking Planetary Nebula	眨眼行星状星云
Poodle Cluster	贵宾犬星团
Angelfish Cluster	神仙鱼星团
Arrowhead Cluster	箭矢星团
Klemola 30	克莱莫拉30
Dumbbell Nebula	哑铃星云
Diabolo Nebula	响铃星云
Apple Core Nebula	苹果核星云
Kite Cluster	风筝星团
Frigate (Pirate) Bird Cluster	军舰鸟星团
Condor Galaxy	秃鹰星系
20 Vulpeculae Cluster	狐狸座20星团
Crescent Nebula	眉月星云
Ear Nebula	耳星云
Little Ring Nebula	小指环星云
Diamond Ring Nebula	钻戒星云
Blue Flash Nebula	蓝闪星云
Caged Spirit Nebula	笼中之灵星云
Giant Behemoth Galaxy	巨兽星系
The Inchworm Cluster	尺蠖星团
The Rocking Horse Cluster	木马星团
Cooling Tower	冷却塔星团
Little Sisters	小姐妹星团
Ghost Bush Cluster	鬼套星团
Flying Geese Cluster	雁形星团
Silk Fan Cluster	绢扇星团
Mothra Cluster	魔斯拉星团
Fireworks Galaxy	烟花星系
Filamentary Nebula	纤维星云
West Veil Nebula	西面纱星云
Cirrus Nebula	卷毛星云
Witch's Broom Nebula	女巫扫帚星云
Veil Nebula	面纱星云
Fleming's Triangular Wisp	弗莱明三角星云
Witch's Broom Galaxy	女巫扫帚星系
East Veil Nebula	东面纱星云
Network Nebula	网星云
Bird's Nest	鸟巢
North America Nebula	北美洲星云
Fetus Nebula	胎儿星云
Coat Button Nebula	纽扣星云
Saturn Nebula	土星状星云
Iris Nebula	鸢尾花星云
Cheeseburger Nebula	乳酪汉堡星云
Burnham's Nebula	伯纳姆星云
Pink Pillow Nebula	粉枕星云
Magic Carpet Nebula	魔毯星云
Green Rectangle Nebula	绿矩星云
Sugar Pops Nebula	棒棒糖星云
Peek-a-Boo Nebula	躲猫猫星云
Pegasus Cluster	飞马座星团
Great Pegasus Cluster	飞马座大星团
Jellyfish Cluster	海蜇星团
Small Cluster Nebula	小星团星云
NGC 7129 IR Cluster	NGC 7129红外星团
Cosmic Rosebud	玫瑰花苞星云
Swimming Alligator Cluster	短吻鳄星团
Bruce Lee Cluster	李小龙星团
Star Lizard Cluster	飞蜥星团
Drunken Lizard Cluster	醉蜥星团
Atoms for Peace Galaxy	核和平星系
Helix Nebula	螺旋星云
Helical Nebula	上帝之眼
Stephan's Quintet	史蒂芬五重星系
Deer Lick Group	鹿舔星系群
The Wizard Nebula	巫师星云
Harry Potter and the Golden Snitch	哈利・波特和金色飞贼
NGC 7385 group	NGC 7385 星系群
Grand Design Galaxy	大设计星系
Superman Galaxy	超人星系
The Dormouse Cluster	睡鼠星团
The Arrowhead Cluster	箭矢星团
Northern Lagoon Nebula	北礁湖星云
Brain Nebula	脑星云
Grus Quartet	天鹤座四重星系
Grus Triplet	天鹤座三重星系
Bubble Nebula	气泡星云
Cassiopeia Salt-and-Pepper Cluster	仙后座椒盐星团
October Salt-and-Pepper Cluster	十月椒盐星团
The Scorpion Cluster	蝎状星团
Blue Snowball	蓝雪球星云
Copeland's Blue Snowball	科普兰的蓝雪球
Fried-egg Galaxy	荷包蛋星系
Caroline's Rose Cluster	卡洛琳玫瑰星团
Ghost Cluster	鬼魂星团
Star Mist Cluster	星雾星团
Herschel's Spiral Cluster	赫歇尔的螺旋星团
Crab Cluster	蟹星团
Screaming Skull Cluster	尖叫头骨星团
The Widow's Web Cluster	寡妇的网星团
Bond's Galaxy	邦德星系
The Little Sombrero Galaxy	小墨西哥帽星系
Electric Arc Galaxy	电弧星系
Starburst Galaxy	星爆星系
γ Cas Nebula	策星云
Maffei 1 Group	马费伊1星系群
ο Per Cloud	卷舌五星云
Gingrich 1	金里奇1
Barnard's Merope Nebula	巴纳德昴宿五星云
Flaming Star Nebula	火焰之星星云
Schaeberle's Flaming Star	舍贝勒的火焰之星
The Tadpoles	小蝌蚪星云
Spider Nebula	蜘蛛星云
Spirograph Nebula	万花尺星云
Raspberry Nebula	覆盆子星云
Colored Contacts Nebula	彩色隐形眼镜星云
Jellyfish Nebula	水母星云
Gemini A	双子座A
Papillon	蝴蝶犬星系
γ Cyg Nebula	天津一星云
ZW II 108 Group	ZW II 108星系群
Elephant's Trunk Nebula	象鼻星云
The Misty Clover Cluster	雾中三叶草星团
Fish Head Nebula	鱼头星云
Heart Nebula	心脏星云
The Running Dog Nebula	奔狗星云
Valentine Nebula	情人星云
AFGL 333 Cloud	AFGL 333星云
Witch Head Nebula	女巫头星云
IC 2199 group	IC 2199 星系群
Toby Jug Nebula	托比壶星云
ο Vel Cluster	船帆座ο星团
Browning Galaxy	布朗宁星系
Strings of Pearl Cluster	珍珠串星团
Hoopskirt Cluster	长裙星团
Coddington's Nebula	柯丁顿星云
Southern Pleiades	南天七姐妹星团
θ Car Cluster	南船三星团
The Rip-Torn Cluster	利普-托恩星团
Running Chicken Nebula	奔鸡星云
λ Cen Nebula	海山五星云
Thackeray's Globules	萨克雷的球
Lemon slice Nebula	柠檬片星云
Theoretician's Nebula	理论家星云
Baby Eskimo Nebula	爱斯基摩婴儿星云
Sliced Lime Nebula	柠檬切片星云
Retina Nebula	视网膜星云
Blue Horsehead Nebula	蓝马头星云
White-eyed Pea Nebula	白眼豌豆星云
ρ Oph Nebula	心宿增四星云
Antares Nebula	心宿二反射星云
Prawn Nebula	斑节虾星云
Summer Beehive Cluster	夏季蜂巢星团
Poseidon's Trident Cluster	海神三叉戟星团
Black Swallowtail Butterfly Cluster	黑燕尾蝶星团
Graff's Cluster	格拉夫星团
Tweedledee Cluster	双胞胎星团
Secret Garden Cluster	秘密花园星团
Shapley-Ames 5	夏普利-艾姆斯5
P Cyg Cluster	天鹅座P星团
Pelican Nebula	鹈鹕星云
Cocoon Nebula	茧星云
Spare Tyre Nebula	备胎星云
Southern Integral Sign	南积分号星系
Hourglass Region	沙漏区
Small Sagittarius Star Cloud	人马座恒星云
Delle Caustiche	散点星云
Winnecke 4	温内克4
Pleiades	昴星团
Seven Sisters	七姐妹星团
Subaru	昴宿星团
α Per Cluster	天船三星团
α Per Moving Group	天船三移动星团
Little Cloud of Pirates	海盗的小云星团
α Per Association	天船三星协
Wilk's Cluster	威尔克星团
Coma Berenices Cluster	后发座星团
Ariadne's Hair	阿里阿德涅之发
Thisbe's Veil	面纱星团
Cobweb Cluster	蜘蛛网星团
Flying Witch	飞女巫星团
Black Bart's Hair	黑巴特之发
Taurus Poniatovii Cluster	波尼亚托夫斯基的金牛座星团
Poniatowski's Bull Cluster	波尼亚托夫斯基的公牛星团
Taurus Dark Cloud Nebula	金牛座暗星云
Horsehead Nebula	马头星云
Pipe (stem)	烟斗星云(杆)
Pipe Nebula	管星云
Ink Spot Nebula	墨汁星云
Snake Nebula	蛇星云
The S Nebula	S星云
Pipe (bowl)	烟斗星云(斗)
Parrot's Head Nebula	鹦鹉头星云
Black Hole Nebula	黑洞星云
E Nebula	E星云
Barnard's E Nebula	巴纳德的E星云
Triple Cave Nebula	三穴星云
Fish on the platter nebula	鱼碟暗星云
Dark Wolf Nebula	黑狼星云
Hyades	毕星团
Coalsack Nebula	煤袋星云
Orion Cluster	猎户座星团
λ Ori Cluster	觜宿一星团
Aunt Margaret's Mirror	玛格丽特之镜星团
Orion Belt Cluster	猎户座腰带星团
Serpentine Column	蛇形柱星团
π Pup Cluster	弧矢九星团
Tuft in the Tail of the Dog Cluster	狗尾星团
Markarian 18 Cluster	马卡良18星团
η Car Cluster	海山二星团
Ursa Major Cluster	大熊座星团
Antares Cluster	心宿二星团
Coathanger	衣架星团
Al Sufi's Cluster	苏菲星团
Brocchi's Cluster	布洛契星团
Al-Sufi's Nebula	苏菲星云
The Snail	蜗牛星团
Loch Ness Moster Cluster	水怪星团
The Queen's Reflection	女王镜像
Atlas Nebula	昴宿七星云
T Tauri Nebula	金牛座T星云
Orion Loop Nebula	猎户座环状星云
R Aqr Nebula	宝瓶座R星云
Green Ring Nebula	绿环星云
Little Cocoon Nebula	小茧星云
Cygnus Star Cloud	天鹅座恒星云
Tulip Nebula	郁金香星云
Cygnus Loop	天鹅圈
Celestial Snow Angel	雪天使星云
Sadr Region	天津一区
Flying Dragon Nebula	飞龙星云
Flying Bat Nebula	飞蝙蝠星云
Lion Nebula	狮子星云
Cave Nebula	洞穴星云
Lobster Claw Nebula	龙虾钳星云
Californietto Nebula	加利福尼托星云
Dreyer's Object	德雷尔天体
Little Rosette Nebula	小玫瑰星云
Dolphin Nebula	海豚星云
Soul Nebula	灵魂星云
Second Closest Planetary	次近行星状星云
Spaghetti Nebula	面条星云
Simeis 147	西梅兹147
Lower's Nebula	拉沃尔星云
λ Ori Molecular Ring	觜宿一分子环
Angelfish Nebula	刺鲽鱼星云
Orion's Head Nebula	猎户座头部星云
North Orion Bubble	北猎户泡
Medusa Nebula	美杜莎星云
Barnard's Loop	巴纳德环
Barnard's Arc	巴纳德弧
Seagull Nebula	海鸥星云
Seagull's wings	海鸥的翅膀
Snowman Nebula	雪人星云
Etched Hourglass Nebula	蚀刻沙漏星云
Engraved Hourglass Nebula	沙漏星云
Dragon's Heart Nebula	龙心星云
Ghost Nebula	鬼魂星云
Dark Shark Nebula	黑鲨星云
Vulture Head Nebula	秃头星云
Baby Eagle Nebula	幼鹰星云
Orion B	猎户座B
Coalman Nebula	煤矿工星云
Northern Coalsack Nebula	北煤袋星云
Gulf of Mexico Nebula	墨西哥湾星云
Pazmino's Cluster	帕兹米诺星团
Taffy Galaxies	太妃糖星系
Taffy System	太妃糖系统
Wolf-Lundmark-Melotte Object (WLM)	沃尔夫-隆达马克-梅洛帝星系 (WLM)
Sculptor Dwarf Irregular Galaxy	玉夫座矮不规则星系
Andromeda III Dwarf Galaxy	仙女座III矮星系
Cartwheel Galaxy	车轮星系
Cartwheel Ring Galaxy	车轮环星系
Zwicky's Ellipse	兹威基的椭圆
Exclamation Mark Galaxy	感叹号星系
Andromeda I Dwarf Galaxy	仙女座I矮星系
Baade's Galaxy A	巴德A星系
Baade's Galaxy B	巴德B星系
Sculptor Dwarf Galaxy	玉夫座矮星系
Sculptor System	玉夫座系统
Reticulum System	网状系统
Pisces Dwarf Galaxy	双鱼座矮星系
Pisces I	双鱼座I
Shapley-Ames 1	夏普利-艾姆斯 1
Andromeda II	仙女座 II
Andromeda II Dwarf Galaxy	仙女座II矮星系
White Rose Galaxy	白玫瑰星系
Phoenix Dwarf Galaxy	凤凰座矮星系
Schuster-West Cluster	舒斯特-韦斯特星团
Maffei 1	马费伊1
Maffei I	马费伊 I
Fornax Dwarf Galaxy	天炉座矮星系
Fornax System	天炉座星系
Maffei 2	马费伊2
Maffei II	马费伊 II
Holmberg VI	霍姆伯格VI
E1 Cluster	E1星团
Schuster's Spiral Galaxy	舒斯特螺旋星系
Horologium Dwarf Galaxy	时钟座矮星系
Carafe Nebula	雕具座星云
Large Magellanic Cloud	大麦哲伦云
LMC	LMC
Nubecula Major	大麦云
Orion Dwarf Galaxy	猎户座矮星系
Carina Dwarf Galaxy	船底座矮星系
Southern Ellipse	南椭圆星系
Lindsay-Shapley Ring	林赛-夏普利戒指
Graham A	格雷厄姆A
Argo Dwarf Irregular Galaxy	南船座矮不规则星系
Integral Sign Galaxy	积分号星系
Phoenix Galaxy	凤凰座星系
Holmberg II	霍姆伯格II
M81 Dwarf A	M81 A矮星系
Holmberg III	霍姆伯格III
Grasshopper A	蝗虫A
Hydra A	长蛇座A
Holmberg I	霍姆伯格I
Holmberg IX	霍姆伯格IX
Arp Loop	Arp环
Sextans B	六分仪座B
Revolver Galaxy	左轮手枪星系
Antlia Dwarf Galaxy	唧筒座矮星系
M81 Dwarf B	M81 B矮星系
Vela Ring Galaxy	船帆座环星系
Sextans A	六分仪座A
Haro II	哈罗II
Spider Galaxy	蜘蛛星系
Ant Galaxy	蚂蚁星系
Mayall's Object	马亚尔天体
Leo II Dwarf Galaxy	狮子座II矮星系
Leo B	狮子座B
Harrington-Wilson #2	哈灵顿-威尔逊#2
Arp's Galaxy	埃尔普星系
A Flying Bird	飞鸟星系
Wild's Triplet	狂野三重星系
Syphon	虹吸管
Reinmuth 80	雷睦斯80
Holmberg VII	霍姆伯格VII
Malin 1	马琳1
Shapley-Ames 3	夏普利-艾姆斯3
Shapley-Ames 4	夏普利-艾姆斯4
Imprint of a Foot Galaxy	脚印星系
Hardcastle's Galaxy	哈德卡斯特星系
Holmberg VIII	霍姆伯格VIII
Fourcade-Figueroa Object	佛洛卡德-菲格罗亚天体
Fourcade-Figueroa Galaxy	佛洛卡德-菲格罗亚星系
Holmberg V	霍姆伯格V
Holmberg IV	霍姆伯格IV
The Dentist's Chair	牙医的椅子
Circinus Galaxy	圆规座星系
Segner's Wheel	塞格纳轮盘星系
Ursa Minor Dwarf Galaxy	小熊座矮星系
Hoag's Object	霍格天体
Hooked Galaxy	钩状星系
Kathryn's Wheel	凯瑟琳之轮
Zwicky's Triplet	兹维基三重星系
Hercules A	武仙座A
Draco Dwarf Galaxy	天龙座矮星系
The Bird	鸟星系
Sagittarius Dwarf Galaxy	人马座矮不规则星系
Kowal's Object	科瓦尔天体
Aquarius Dwarf Galaxy	宝瓶座矮星系
Cygnus A	天鹅座A
McLeish's Object	麦克莱什天体
Shapley-Ames 6	夏普利-艾姆斯6
Huchra's Lens	赫钦拉透镜星系
Tucana Dwarf Galaxy	杜鹃座矮星系
Pegasus Dwarf Galaxy	飞马座矮星系
Barbon's Galaxy	巴尔伯恩星系
Minkowski's Object	闵可夫斯基天体
Superantennae Galaxy	超级触角星系
Malin II	马林II
Sextans Dwarf Spheroidal Galaxy	六分仪座矮椭球星系
Padova 3	帕多瓦 3
Mailyan 16	迈尔因16
Cassiopeia 1	仙后座1星系
Cassiopeia 2	仙后座2星系
Dwingeloo I	德文格洛1
Speca Galaxy	辣椒星系
Sextans Ring	六分仪座环
Ring Galaxy in Sextans	六分仪座环状星系
Camelopardalis A	鹿豹座A
Camelopardalis B	鹿豹座B
Cassiopeia Dwarf Spheroidal Galaxy	仙后座矮椭球星系
Andromeda VII	仙女座VII
Pegasus II	飞马座II
Andromeda VI	仙女座VI
Boomerang Nebula	旋镖星云
Centaurus Bipolar Nebula	半人马座双极星云
Cepheus I	仙王座I
Cetus Dwarf Galaxy	鲸鱼座矮星系
BW Tauri	金牛座BW
The Grasshopper Galaxy	蝗虫星系
Leo A	狮子座A
Leo III	狮子座III
Leo Dwarf Irregular Galaxy	狮子座矮不规则星系
Sextans C	六分仪座C
Regulus Dwarf Galaxy	轩辕十四矮星系
Leo I	狮子座I
Harrington-Wilson #1	哈灵顿-威尔逊#1
Markarian 421	马卡良421
Zwicky #2	兹维基#2
Markarian 231	马卡良231
Exclamation Point Galaxy	惊叹号星系
Serpens Dwarf Galaxy	巨蛇座矮星系
Tadpole Galaxy	蝌蚪星系
Egg Nebula	蛋星云
Cygnus Egg	天鹅蛋星云
Pegasus Dwarf Irregular Galaxy	飞马座矮不规则星系
Lemon Galaxy	柠檬星系
Minkowski's Butterfly	闵可夫斯基的蝴蝶
Twin Jet Nebula	双喷流星云
Campbell's Hydrogen Star	坎贝尔氢星
Methuselah Nebula	玛土撒拉星云
Baby Dumbbell Nebula	婴儿哑铃星云
Headphone Nebula	耳罩星云
Jones-Emberson 1	琼斯-爱默生1
Westbrook Nebula	威斯布鲁克星云
Southern Owl Nebula	南夜枭星云
Southern Crab Nebula	南蟹状星云
Fine Ring Nebula	细指环星云
The Chamber of Horrors	恐怖之屋
Stingray Nebula	刺星云
Water Lily Nebula	睡莲花星云
Sakurai's Object	樱井之星
Necklace Nebula	项链星云
Cotton Candy Nebula	棉花糖星云
Haufen A	哈芬A星系群
Cetus Cluster	鲸鱼座星系团
Perseus Cluster	英仙座星系团
Train Wreck Cluster	火车残骸星系团
Hydra Cluster	长蛇座星系团
Hydra I	长蛇座1
Leo Cluster	狮子座星系团
Ursa Major I	大熊座1星系群
Coma Cluster	后发座星系团
Bootes Cluster	牧夫座星系团
Corona Borealis Cluster	北冕座星系团
Hercules Cluster	武仙座星系团
Pandora’s Cluster	潘多拉星系团
Centaurus Cluster	半人马座星系团
Shapley 8 Cluster	夏普利8星系团
Norma Cluster	矩尺座星系团
Great Attractor	巨引源
Fornax Cluster	天炉座星系团
Fornax Group	天炉座星系群
NGC 1399 Group	NGC1399星系群
Antlia Cluster	唧筒座星系团
Cosmic Six Nebula	宇宙六号星云
E3 Cluster	E3星团
Hodge 11	霍奇11
Hodge 4	霍奇4
Sersic Cluster	赛尔斯克星团
Reticulum Cluster	网罟座星团
Reticulum Dwarf Galaxy	网罟座矮星系
E2 Cluster	E2星团
Padova 2	帕多瓦2
Sacred Mushroom	神圣蘑菇星系
Bok's Valentine Nebula	博科的情人星云
Pictor A	绘架座A
Ara Cluster	天坛座星团
Tonantzintla 2	托南钦特拉2球状星团
Capricorn Dwarf Galaxy	摩羯座矮星系
Manatee Nebula	海牛星云
Tycho's supernova remnant	第谷超新星残骸
Puppis A	船尾座A
Vela Junior	船帆座幼体
Inverted Horseshoe Nebula	倒马蹄星云
Propeller Nebula	螺旋桨星云
Calabash Nebula	葫芦星云
Rotten Egg Nebula	臭蛋星云
Frosty Leo Nebula	霜狮星云
Gomez's Hamburger	戈麦斯汉堡
Footprint Nebula	脚印星云
Minkowski's Footprint	闵可夫斯基的足迹
Sagittarius A East	人马座A东星
Sagittarius A West	人马座A西星
Minispiral in Gal Center	银心微形螺旋结构
Dark Doodad Nebula	黑饰品星云
The Bamboo	竹子
Path of Three	三星之路
Bird of Flight	飞鸟
The Tongs	夹钳
Octopus Tentacle	章鱼的触手
Forward Precursor	 前进的先驱者
Adze	锛斧
The Carrying Stick	手杖
Sammara Squirrelfish	转世的金鳞鱼
Taro Plant	芋艿
The Net	网兜
Te Tino A Manu	Te Tino A Manu
The Bird's Body	鸟身
Te Kapakau Tonga	Te Kapakau Tonga
The East Wing	东部的翅膀
Te Kapakau Pakatokerau	Te Kapakau Pakatokerau
The North Wing	北方的翅膀
Te Taki O Te Kapakau Tonga	Te Taki O Te Kapakau Tonga
Taki Roto	Taki Roto
Middle Precursor	中间的先驱者
Na Kau	Na Kau
To Rua Tangata	To Rua Tangata
Double Man	两个人
Te Petuu Ao/Tiuriuri	Te Petuu Ao/Tiuriuri
Matariki	Matariki
Small Face	小脸蛋
Small Eyes	小眼睛
Te Ao Rere	Te Ao Rere
The Running Cloud	流动的云
Te Ao Toka	Te Ao Toka
The Restrained Cloud	受缚的云
The Shackled Woman	修女座
The Well-bucket	井桶座
The Eagle	老鹰座
The Censer	香炉座
The Ram	公羊座
The Reins-holder	持缰者座
The Howler	呐喊者座
The Crab	巨蟹座
The Greater Dog	大犬座
The Lesser Dog	小犬座
The Young Goat	小羊座
Who (Lady) Has Chair	座女座
Centaur	半人马座
Inflammatus	仙王座
Cetus	鲸鱼座
Bristle	鬃毛座
The Southern Crown	南冕座
The Northern Crown	北冕座
The Raven	乌鸦座
The Great Cup	巨杯座
The Hen	天鹅座
The Dolphin	海豚座
The Dragon	天龙座
Part of the Horse	马头座
The River	波江座
The Twins	双子座
The Kneeling (Man)	跪地者座
The Brave	勇蛇座
The Lion	狮子座
The Hare	野兔座
The Balance	天平座
The Turtle	乌龟座
The Snake Charmer	蛇夫座
The Giant	巨人座
The Great Horse	大马座
Bearer of the Demon's Head	英仙座
The Whale	双鱼座
The Southern Whale	南鱼座
The Arrow	天箭座
The Archer	射手座
The Scorpion	天蝎座
The Bull	公牛座
The Triangle	三角座
The Greater Bear	大熊座
The Lesser Bear	小熊座
The Ship	天船座
The Maiden	室女座
The Snake	巨蛇座
The Beast of Prey	猛兽座
