A6670,钻戒星云
A6679,宇宙六号星云
ACO1060,长蛇座1
ACO1060,长蛇座星系团
ACO1367,狮子座星系团
ACO1377,大熊座1星系群
ACO151,哈芬A星系群
ACO1656,后发座星系团
ACO1930,牧夫座星系团
ACO194,鲸鱼座星系团
ACO2065,北冕座星系团
ACO2151,武仙座星系团
ACO2744,潘多拉星系团
ACO3526,半人马座星系团
ACO3558,夏普利8星系团
ACO3627,巨引源
ACO3627,矩尺座星系团
ACO426,英仙座星系团
ACO520,火车残骸星系团
ACO780,长蛇座A
ACOS373,天炉座星系团
ACOS636,唧筒座星系团
ACOS737,NGC1399星系群
ACOS737,天炉座星系群
ARP133,闵可夫斯基天体
B142,E星云
B142,三穴星云
B142,巴纳德E星云
B142,巴纳德的E星云
B143,E星云
B143,三穴星云
B143,巴纳德E星云
B143,巴纳德的E星云
B144,鱼碟暗星云
B168,茧星云
B22,金牛座暗星云
B228,黑狼星云
B33,马头星云
B59,烟斗星云(杆)
B65,烟斗星云(杆)
B66,烟斗星云(杆)
B67,烟斗星云(杆)
B67,管星云
B68,墨汁星云
B72,S星云
B72,蛇星云
B78,烟斗星云(斗)
B78,管星云
B86,墨汁星云
B87,鹦鹉头星云
B92,黑洞星云
C41,毕星团
C99,煤袋星云
CED19O,昴宿七星云
CED211,宝瓶座R星云
CED32C,伯纳姆星云
CED32C,金牛座T星云
CED55R,猎户座环状星云
CR135,弧矢九星团
CR140,狗尾星团
CR205,马卡良18星团
CR233,海山二星团
CR285,大熊座星团
CR302,心宿二星团
CR399,布洛契星团
CR399,苏菲星云
CR399,苏菲星团
CR399,蜗牛星团
CR399,衣架星团
CR463,女王镜像
CR463,水怪星团
CR69,猎户座星团
CR69,玛格丽特之镜星团
CR69,觜宿一星团
CR70,猎户座腰带星团
CR70,蛇形柱星团
DWB111,螺旋桨星云
DWB26,玫瑰星云
DWB50,旋镖星云
DWB63,天津一星云
DWB64,倒马蹄星云
ESO118-31,网罟座星团
ESO118-31,网罟座矮星系
ESO118-31,赛尔斯克星团
ESO120-8,E2星团
ESO129-25,帕多瓦2
ESO138-29,神圣蘑菇星系
ESO210-6A,博科情人星云
ESO210-6A,博科的情人星云
ESO252-18A,绘架座A
ESO277-12,天坛座星团
ESO333-16,托南钦特拉2球状星团
ESO37-1,E3星团
ESO57-76,霍奇11
ESO600-11,摩羯座矮星系
ESO86-9,霍奇4
IC10,星爆星系
IC1318,天津一星云
IC1365,ZW II 108星系群
IC1396,象鼻星云
IC1396,雾中三叶草星团
IC1795,鱼头星云
IC1805,AFGL 333星云
IC1805,奔狗星云
IC1805,心脏星云
IC1805,情人星云
IC2118,女巫头星云
IC2199,IC 2199 星系群
IC2220,托比壶星云
IC2220,蝴蝶星云
IC2391,船帆座ο星团
IC2431,布朗宁星系
IC2488,珍珠串星团
IC2488,长裙星团
IC2574,柯丁顿星云
IC2602,南天七姐妹星团
IC2602,南船三星团
IC2714,利普-托恩星团
IC2944,奔鸡星云
IC2948,海山五星云
IC2948,萨克雷球
IC2948,萨克雷的球
IC342,马费伊1星系群
IC348,卷舌五星云
IC348,金里奇1
IC349,巴纳德昴宿五星云
IC3568,柠檬切片星云
IC3568,柠檬片星云
IC3568,爱斯基摩婴儿星云
IC3568,理论家星云
IC405,火焰之星星云
IC405,舍贝勒火焰之星
IC405,舍贝勒的火焰之星
IC410,小蝌蚪星云
IC417,蜘蛛星云
IC418,万花尺星云
IC418,彩色隐形眼镜星云
IC418,覆盆子星云
IC4321,贝壳星系
IC4406,视网膜星云
IC443,双子座A
IC443,水母星云
IC4592,蓝马头星云
IC4593,白眼豌豆星云
IC4604,心宿增四星云
IC4606,心宿二反射星云
IC4628,斑节虾星云
IC4665,夏季蜂巢星团
IC4665,海神三叉戟星团
IC4665,黑燕尾蝶星团
IC4756,双胞胎星团
IC4756,格拉夫星团
IC4756,秘密花园星团
IC4946,夏普利-艾姆斯5
IC4996,天鹅座P星团
IC5067,鹈鹕星云
IC5070,鹈鹕星云
IC5146,茧星云
IC5148,备胎星云
IC5173,南积分号星系
IC59,策星云
IC63,策星云
IC708,蝴蝶犬星系
IRAS09371+1212,霜狮星云
IRAS18059-3211,戈麦斯汉堡
IRAS19343+2926,脚印星云
LBN531,洞穴星云
LBN777,幼鹰星云
LBN777,秃头星云
LBN953,猎户座B
LDN1235,黑鲨星云
LDN1382,帕兹米诺星团
LDN1613,圆锥星云
LDN810,煤矿工星云
LDN906,北煤袋星云
LDN935,墨西哥湾星云
M24,人马座恒星云
M24,散点星云
M40,温内克4
M45,七姐妹星团
M45,昴宿星团
M45,昴星团
M8,沙漏区
M8,礁湖星云
MEL111,后发座星团
MEL111,蜘蛛网星团
MEL111,阿里阿德涅之发
MEL111,面纱星团
MEL111,飞女巫星团
MEL111,黑巴特之发
MEL186,波尼亚托夫斯基公牛星团
MEL186,波尼亚托夫斯基的公牛星团
MEL186,波尼亚托夫斯基的金牛座星团
MEL186,波尼亚托夫斯基金牛座星团
MEL20,天船三星协
MEL20,天船三星团
MEL20,天船三移动星团
MEL20,海盗小云星团
MEL20,海盗的小云星团
MEL71,威尔克星团
Minkowski92,闵可夫斯基的足迹
Minkowski92,闵可夫斯基足迹
NGC1023,仙人掌星系
NGC1039,螺旋星团
NGC104,杜鹃座47球状星团
NGC1049,天炉座3
NGC1049,天炉座C3
NGC1049,天炉座H3
NGC1049,天炉座矮星系
NGC1049,天炉座矮星系球状星团3
NGC1068,鲸鱼座A
NGC1232,上帝之眼星系
NGC1245,帕特里克海星星团
NGC1269,雪领星系
NGC1275,英仙座A
NGC128,NGC 128星系群
NGC1316,天炉座A
NGC1317,天炉座B
NGC1333,幻影头饰星云
NGC1333,胚胎星云
NGC134,大王乌贼星系
NGC1342,小蝎星团
NGC1342,棘角鱼星团
NGC1342,黄貂鱼星团
NGC1350,宇宙大眼睛星系
NGC1360,彗星行星状星云
NGC1360,知更鸟蛋星云
NGC1365,大棒旋星系
NGC1407,波江座A星系群
NGC1432,昴宿四星云
NGC1435,坦普尔星云
NGC1435,昴宿五星云
NGC1491,化石足迹星云
NGC1499,加利福尼亚星云
NGC1499,龙星云
NGC1501,牡蛎星云
NGC1501,蓝牡蛎星云
NGC1501,骆驼之眼星云
NGC1502,海盗旗星团
NGC1502,金竖琴星团
NGC1514,三色堇星云
NGC1514,水晶球星云
NGC1528,M&M双星团
NGC1535,埃及艳后之眼星云
NGC1535,天水母星云
NGC1535,海王星之魂星云
NGC1535,爱斯基摩之妻星云
NGC1545,M&M双星团
NGC1545,奔跑人星团
NGC1545,魔术五角星团
NGC1554,斯特鲁维星云
NGC1554,斯特鲁维遗失星云
NGC1554,欣德变光星云
NGC1555,欣德变光星云
NGC1555,欣德星云
NGC1579,北三裂星云
NGC1595,雕具座星系群
NGC1598,雕具座星系群
NGC1647,海盗之月星团
NGC1664,4-H 星团
NGC1788,宇宙蝙蝠星云
NGC1788,狐狸脸星云
NGC1807,贫双星团
NGC1817,贫双星团
NGC188,近极星团
NGC1893,字母Y星团
NGC1910,剑鱼座S星团
NGC1912,字母π星团
NGC1912,海星星团
NGC1922,海星星团
NGC1931,苍蝇星云
NGC1952,蟹状星云
NGC1952,金牛座A
NGC1960,风车星团
NGC1973,美人鱼的钱包星云
NGC1973,美人鱼钱包星云
NGC1973,跑步者星云
NGC1975,跑步者星云
NGC1976,猎户座A
NGC1976,猎户座大星云
NGC1976,猎户座星云
NGC1977,美人鱼的钱包
NGC1977,美人鱼钱包
NGC1977,跑步者星云
NGC1980,猎户座下半剑
NGC1980,猎户座遗失宝石
NGC1981,煤车星团
NGC1981,猎户座上半剑
NGC1982,梅朗星云
NGC1982,迪马伦星云
NGC1990,参宿二星云
NGC1999,橡皮戳星云
NGC1999,第13珍珠星云
NGC1999,黑眼星云
NGC2022,吻月星云
NGC2022,猎户的锁骨星云
NGC2022,猎户锁骨星云
NGC2024,参宿一之魂
NGC2024,唇星云
NGC2024,坦克履带星云
NGC2024,枫叶星云
NGC2024,火树星云
NGC2024,火焰星云
NGC206,仙女座星系中大恒星云
NGC206,仙女座星系中的大恒星云
NGC2060,剑鱼座30 B
NGC2068,鬼马小精灵星云 
NGC2070,剑鱼座30星云
NGC2070,剑鱼座30星团
NGC2070,同心结星云
NGC2070,大环星云
NGC2070,狼蛛星云
NGC2080,鬼头星云
NGC2099,一月椒盐星团
NGC2099,御夫座椒盐星团
NGC2146,脏手星系
NGC2168,鞋扣星团
NGC2169,37星团
NGC2169,LE星团
NGC2169,小七姐妹星团
NGC2169,购物车星团
NGC2170,麒麟座R2 IRS3
NGC2174,猴头星云
NGC2194,漫游者星团
NGC2232,双锥状星团
NGC2237,NGC 2244的卫星星团
NGC2237,玫瑰A
NGC2237,玫瑰星云
NGC2238,玫瑰星云
NGC224,仙女座大星云
NGC224,仙女座星云
NGC224,仙女座星系
NGC2244,玫瑰星云
NGC2244,竖琴星团
NGC2246,玫瑰B
NGC2246,玫瑰星云
NGC225,帆船星团
NGC225,碎心星团
NGC2261,哈勃变光星云
NGC2261,哈勃星云
NGC2264,圆锥星云
NGC2264,圣诞树星团
NGC2264,狐皮星云
NGC2281,碎心星团
NGC2287,小蜂巢星团
NGC2301,大鸟星团
NGC2301,海格的龙星团
NGC2301,海格龙星团
NGC2301,科普兰的金蠕虫
NGC2301,科普兰金蠕虫
NGC2323,心状星团
NGC2323,线圈星团
NGC2343,箭头星团
NGC2346,沙漏行星状星云
NGC2346,红蝴蝶星云
NGC2346,蝴蝶星云
NGC2353,艾弗里岛星团
NGC2359,雷神头盔
NGC2359,雷神的头盔
NGC2359,飞眼星云
NGC2359,鸭头星云
NGC2359,鸭星云
NGC2360,卡罗琳星团
NGC2362,墨西哥跳跃星
NGC2362,弧矢增六星团
NGC2362,海盗宝石星团
NGC2367,查理·布朗圣诞树
NGC2367,查理·布朗的圣诞树
NGC2371,双子座星云
NGC2371,双泡星云
NGC2371,花生星云
NGC2371,蚂蚁星云
NGC2392,丑脸星云
NGC2392,爱斯基摩星云
NGC2409,菲尔瑟213
NGC2419,星际漫游者
NGC2419,漫游者星团
NGC2420,彗闪星团
NGC2439,宽箭头星团
NGC2440,吻星云
NGC2440,樱唇星云
NGC2440,烈火星云
NGC2440,白蝴蝶星云
NGC2440,蝙蝠星云
NGC2442,肉钩星系
NGC2447,蝴蝶星团
NGC2451,刺蝎星团
NGC246,头骨星云
NGC246,巫毒面具星云
NGC246,肥皂泡星云
NGC2467,链式胸针星云
NGC2467,骷髅头星云
NGC247,伯比奇链
NGC2477,电吉他星团
NGC2477,白蚁洞星团
NGC2516,南蜂巢星团
NGC2516,短跑人星团
NGC2516,钻石星团
NGC253,玉夫座星系
NGC253,银元星系
NGC253,银币星系
NGC2537,熊掌星云
NGC2537,熊掌星系
NGC2539,盘状星团
NGC2546,伤心星团
NGC2546,心与匕首星团
NGC2547,圣彼得十字星团
NGC2547,金耳环星团
NGC2548,蜂巢星团
NGC2557,马吕斯星系团
NGC2573,南极星系
NGC262,马卡良348
NGC2632,蜂巢星团
NGC2632,马槽星团
NGC2632,鬼星团
NGC2682,吃豆人星团
NGC2682,眼镜王蛇星团
NGC2682,金眼星团
NGC2683,UFO星系
NGC2685,煎饼星系
NGC2685,螺旋星系
NGC2686,纺锤星系
NGC2736,赫歇尔的线条星云
NGC2736,赫歇尔线条星云
NGC2736,铅笔星云
NGC2769,NGC 2769星系群
NGC2770,超新星工厂星系
NGC281,吃豆人星云
NGC281,拉菲特大钢琴星云
NGC281,食鬼星云
NGC2841,虎眼星系
NGC292,SMC
NGC292,小麦云
NGC292,小麦哲伦云
NGC2936,企鹅星系
NGC2936,海豚星系
NGC2937,蛋星系
NGC300,南风车星系
NGC3031,大漩涡星系
NGC3031,波德星云
NGC3031,波德星系
NGC3034,大熊座A
NGC3034,波德星云
NGC3034,雪茄星系
NGC3077,花环星系
NGC3079,幻影飞碟星系
NGC3114,手状星团
NGC3115,主轴星云
NGC3115,纺锤星系
NGC3132,南指环星云
NGC3132,双环星云
NGC3172,北极星系
NGC3172,近极星系
NGC3180,小风车星系
NGC3185,狮子座四重星系
NGC3187,狮子座四重星系
NGC3189,NGC3190星系群
NGC3189,狮子座四重星系
NGC3193,狮子座四重星系
NGC3228,女王的私藏星团
NGC3228,女王私藏星团
NGC3242,木魂星云
NGC3242,眼星云
NGC3293,宝石星团
NGC3293,小珠宝星团
NGC3293,蛛丝星团
NGC3324,加夫列拉·米斯特拉尔星云
NGC3324,钥匙孔星云
NGC3344,洋葱切片星系
NGC3372,侏儒星云
NGC3372,船底座大星云
NGC3372,船底座星云
NGC3372,钥匙孔星云
NGC3432,编制针星系
NGC3532,枕星团
NGC3532,萤火虫群星团
NGC3532,许愿井星团
NGC3532,针垫星团
NGC3556,冲浪板星系
NGC3561,吉他星系
NGC3561,安巴楚勉之结
NGC3576,自由女神星云
NGC3587,夜枭星云
NGC3621,南十字星系
NGC3621,眼镜框星系
NGC3623,狮子座三重星系
NGC3627,狮子座三重星系
NGC3628,哈姆雷特王之魂
NGC3628,汉堡星系
NGC3628,消没星系
NGC3628,狮子座三重星系
NGC3745,科普兰七重星系
NGC3746,科普兰七重星系
NGC3748,科普兰七重星系
NGC375,双鱼座云
NGC3750,科普兰七重星系
NGC3751,科普兰七重星系
NGC3753,科普兰七重星系
NGC3754,科普兰七重星系
NGC3766,富翁珠宝盒
NGC3766,富翁的珠宝盒
NGC3766,珍珠星团
NGC383,NGC 383星系群
NGC3918,南方人星云
NGC3918,蓝行星状星云
NGC3928,微螺旋星系
NGC3992,吸尘器星系
NGC40,披风星云
NGC40,蝴蝶结星云
NGC4005,NGC 4005星系群
NGC4038,套索星系
NGC4038,环尾星系
NGC4038,触须星系
NGC4039,套索星系
NGC4039,环尾星系
NGC4039,触须星系
NGC404,奎宿九之魂
NGC404,遗珠星系
NGC4103,长尾星团
NGC4147,踢罐星团
NGC4169,方盒星系群
NGC4170,方盒星系群
NGC4174,方盒星系群
NGC4175,方盒星系群
NGC4194,美杜莎合并星系
NGC4194,美杜莎星系
NGC4194,美杜莎星系合并
NGC4216,织布梭星系
NGC4216,银纹星系
NGC4254,后发座风车星系
NGC4254,圣凯瑟琳轮
NGC4254,室女座星系团风车
NGC4254,风车星系
NGC4276,浮士德V023
NGC4303,胖螺旋星系
NGC4321,吹风机星系
NGC4321,镜子星系
NGC4325,室女座星系团
NGC4361,洒水器星云
NGC4374,马卡良星系链
NGC4387,星系构成的脸
NGC4387,星系构成脸
NGC4406,浮士德V051
NGC4406,马卡良星系链
NGC4435,双眼星系
NGC4435,科普兰之眼
NGC4438,双眼星系
NGC4438,科普兰之眼
NGC4473,马卡良星系链
NGC4477,马卡良星系链
NGC4486,室女座A
NGC4486,室女座星系
NGC4486,烟枪星系
NGC4490,茧星系
NGC4507,夏普利-艾姆斯2
NGC4526,眉毛星系
NGC4526,遗失星系
NGC4535,科普兰遗失星系
NGC4559,锦鲤星系
NGC4565, 贝雷奈西发卡
NGC4565, 贝雷奈西的发卡
NGC4565,针状星系
NGC4565,飞碟星系
NGC4567,双胞胎星系
NGC4567,鱼薯条星系
NGC4568,双胞胎星系
NGC4568,鱼薯条星系
NGC457,外星人星团
NGC457,猫头鹰星团
NGC457,蜻蜓星团
NGC4594,暗带星系
NGC4594,草帽星系
NGC4605,俄罗斯彩蛋星系
NGC4605,弗兰肯斯坦星系
NGC4609,煤袋星团
NGC4622,半人马座星系链
NGC4631,鲱鱼星系
NGC4631,鲸鱼星系
NGC4650,半人马座星系链
NGC4651,伞星系
NGC4656,撬棒星系
NGC4656,曲棍球星系
NGC4656,蜂鸟星系
NGC4656,钩星系
NGC4657,鱼钩星系
NGC4666,超级风星系
NGC4669,黑胶唱片星系
NGC4676,双鼠星系
NGC4736,鳄鱼眼星系
NGC4753,尘卷暴星系
NGC4755,南十字座κ星团
NGC4755,宝盒星团
NGC4755,赫歇尔珠宝盒
NGC4755,赫歇尔的珠宝盒
NGC4762,纸风筝星系
NGC4774,腰豆星系
NGC4826,睡美人星系
NGC4826,邪眼星系
NGC4826,黑眼星系
NGC4833,南天蝴蝶星团
NGC488,转马星系
NGC4889,后发座B
NGC4898,后发座Z彗发星系
NGC4945,镊子星系
NGC4990,茧星系
NGC5033,田鳖星系
NGC5044,NGC 5044星系群
NGC5055,向日葵星系
NGC507,NGC 507星系群
NGC5102,柱十一之魂
NGC5128,半人马座A
NGC5128,汉堡星系
NGC5139,半人马座奥米茄星团
NGC5189,螺旋行星状星云
NGC5194,涡状星云
NGC5194,涡状星系
NGC5194,漩涡星云
NGC5194,罗斯星系
NGC5194,问号星系
NGC5195,M51替代者
NGC5195,涡状星系
NGC5216,基南系统
NGC5218,基南系统
NGC5236,千红宝石星系
NGC5236,南风车星系
NGC5281,小蝎星团
NGC5291,贝壳星系
NGC5353,NGC 5353星系群
NGC5394,苍鹭星系
NGC5395,苍鹭星系
NGC5416,NGC 5416星系群
NGC5457,风车星系
NGC5466,雪球星团
NGC5466,鬼魂球状星团
NGC55,珍珠串星系
NGC5617,德古拉星团
NGC5623,龙星云
NGC5629,NGC 5629星系群
NGC5662,舞毒蛾星团
NGC5746,刃珠星系
NGC5746,迷你墨西哥帽星系
NGC584,小主轴星系
NGC5866,纺锤星系
NGC5866,金钱游戏星系
NGC5882,天王星之魂星云
NGC5892,法思703
NGC5897,鬼魂球状星团
NGC5904,玫瑰星团
NGC5906,刀锋星系
NGC5906,分裂星系
NGC5906,猫爪星系
NGC598,三角座大星云
NGC598,三角座星系
NGC598,三角座风车
NGC598,风车星系
NGC6027,巨蛇座六兄弟
NGC6027,赛弗特六重星系
NGC6087,矩尺座S星团
NGC6121,蜘蛛球状星团
NGC6121,蟹状星团
NGC6134,小枕星团
NGC6169,矩尺座μ星团
NGC6171,十字架星团
NGC6188,环星云
NGC6205,武仙座大球状星团
NGC6205,武仙座球状星团
NGC6210,乌龟星云
NGC6218,口香糖球状星团
NGC6229,彗星奖球状星团
NGC6231,伪彗星星云
NGC6231,北宝盒星团
NGC6231,天蝎座表
NGC6231,鳄鱼星团
NGC6266,闪球星团
NGC628,幻影星系
NGC6281,蛾翼星团
NGC6302,小虫星云
NGC6302,蝴蝶星云
NGC6309,感叹号星云
NGC6309,方盒星云
NGC6334,猫掌星云
NGC6337,麦圈星云
NGC6357,战争与和平星云
NGC6357,龙虾星云
NGC6369,小鬼魂星云
NGC6369,火星之魂星云
NGC6380,托南钦特拉1球状星团
NGC6400,幻影星团
NGC6400,约翰·西尔弗星团
NGC6405,天堂之辉
NGC6405,蝴蝶星团
NGC6441,银块星团
NGC6445,小宝石星云
NGC6445,方盒星云
NGC6451,汤姆拇指星团
NGC6475,托勒密星团
NGC650,小哑铃星云
NGC650,杠铃星云
NGC650,蝴蝶星云
NGC650,软木塞星云
NGC6503,太空迷航星系
NGC651,小哑铃星云
NGC6514,三裂星云
NGC6520,亡灵宝藏星团
NGC6520,遇难者星团
NGC6522,巴德窗
NGC6523,礁湖星云
NGC6530,沙漏星团
NGC6530,礁湖星云
NGC6530,赫歇尔36
NGC6531,韦伯十字架
NGC6531,韦伯的十字架
NGC6537,红蜘蛛星云
NGC654,迷蝶星团
NGC6541,砂锅星团
NGC6543,向日葵星云
NGC6543,猫眼星云
NGC6543,蜗牛星云
NGC6544,海星星团
NGC6563,南指环星云
NGC6572,氪星星云
NGC6572,祖母绿之眼行星状星云
NGC6572,绿松石星云
NGC6572,翡翠星云
NGC6572,蓝壁球星云
NGC659,阴阳星团
NGC6611,星之女王星云
NGC6611,鹰星云
NGC6613,黑天鹅星团
NGC6618,天鹅星云
NGC6618,奥米茄星云
NGC6618,核对符号星云
NGC6618,马蹄星云
NGC6618,龙虾星云
NGC6621,爱德华星系
NGC6622,爱德华星系
NGC663,割草机星团
NGC663,字母S星团
NGC6633,双胞胎星团
NGC6633,胡克船长星团
NGC6633,蜂腰星团
NGC6642,蝌蚪星团
NGC6656,人马座大星团
NGC6656,能人星团
NGC6664,圣诞雪橇星团
NGC6664,茶杯星团
NGC6705,七月椒盐星团
NGC6705,盾牌座椒盐星团
NGC6705,野鸭星团
NGC6709,飞独角兽星团
NGC6720,指环星云
NGC6723,吊灯星团
NGC6729,南冕座R星云
NGC6741,幻影条纹星云
NGC6745,鸟头星系
NGC6751,发光的眼睛星云
NGC6751,发光眼睛星云
NGC6751,蒲公英星云
NGC6752,孔雀座海星
NGC6752,孔雀座球状星团
NGC6752,孔雀座风车
NGC6755,可能双星团
NGC6755,可能的双星团
NGC6756,可能双星团
NGC6756,可能的双星团
NGC6776,五角星系
NGC6778,M76之子
NGC6781,月魂星云
NGC6781,雪球星云
NGC6804,收缩星云
NGC6804,雪球星云
NGC6809,夏日玫瑰之星
NGC6809,幽灵星团
NGC6811,圣物箱星团
NGC6811,洞穴星团
NGC6811,烟圈星团
NGC6811,纳芙蒂蒂头饰
NGC6811,纳芙蒂蒂的头饰
NGC6818,小宝石星云
NGC6818,绿火星星云
NGC6819,狐头星团
NGC6819,章鱼星团
NGC6822,哈勃X
NGC6822,巴纳德星系
NGC6826,眨眼行星状星云
NGC6830,贵宾犬星团
NGC6838,神仙鱼星团
NGC6838,箭矢星团
NGC6845,克莱莫拉30
NGC6853,响铃星云
NGC6853,哑铃星云
NGC6853,苹果核星云
NGC6866,军舰鸟星团
NGC6866,风筝星团
NGC6872,秃鹰星系
NGC6885,狐狸座20星团
NGC6888,眉月星云
NGC6888,耳星云
NGC6894,小指环星云
NGC6894,钻戒星云
NGC6905,笼中之灵星云
NGC6905,蓝闪星云
NGC6907,巨兽星系
NGC6910,尺蠖星团
NGC6910,木马星团
NGC6913,冷却塔星团
NGC6913,小姐妹星团
NGC6939,绢扇星团
NGC6939,雁形星团
NGC6939,鬼套星团
NGC6940,魔斯拉星团
NGC6946,烟花星系
NGC6960,卷毛星云
NGC6960,女巫扫帚星云
NGC6960,纤维星云
NGC6960,西面纱星云
NGC6960,面纱星云
NGC6979,弗莱明三角星云
NGC6979,面纱星云
NGC6990,女巫扫帚星系
NGC6992,东面纱星云
NGC6992,面纱星云
NGC6995,网星云
NGC6995,面纱星云
NGC6996,鸟巢
NGC7000,北美洲星云
NGC7008,纽扣星云
NGC7008,胎儿星云
NGC7009,土星状星云
NGC7023,鸢尾花星云
NGC7026,乳酪汉堡星云
NGC7026,伯纳姆星云
NGC7027,棒棒糖星云
NGC7027,粉枕星云
NGC7027,绿矩星云
NGC7027,魔毯星云
NGC7048,躲猫猫星云
NGC7078,飞马座大星团
NGC7078,飞马座星团
NGC7099,海蜇星团
NGC7129,NGC 7129红外星团
NGC7129,小星团星云
NGC7129,玫瑰花苞星云
NGC7160,李小龙星团
NGC7160,短吻鳄星团
NGC7209,醉蜥星团
NGC7209,飞蜥星团
NGC7252,核和平星系
NGC7293,上帝之眼
NGC7293,向日葵星云
NGC7293,螺旋星云
NGC7317,史蒂芬五重星系
NGC7318,史蒂芬五重星系
NGC7319,史蒂芬五重星系
NGC7320,史蒂芬五重星系
NGC7331,鹿舔星系群
NGC7380,哈利·波特和金色飞贼
NGC7380,巫师星云
NGC7385,NGC 7385 星系群
NGC7424,大设计星系
NGC7479,超人星系
NGC7510,睡鼠星团
NGC7510,箭矢星团
NGC7538,北礁湖星云
NGC7538,脑星云
NGC7552,天鹤座四重星系
NGC7582,天鹤座三重星系
NGC7582,天鹤座四重星系
NGC7590,天鹤座三重星系
NGC7590,天鹤座四重星系
NGC7599,天鹤座三重星系
NGC7599,天鹤座四重星系
NGC7635,气泡星云
NGC7654,仙后座椒盐星团
NGC7654,十月椒盐星团
NGC7654,蝎状星团
NGC7662,科普兰的蓝雪球
NGC7662,科普兰蓝雪球
NGC7662,蓝雪球星云
NGC772,蕨菜星系
NGC7742,荷包蛋星系
NGC7789,卡洛琳玫瑰星团
NGC7789,尖叫头骨星团
NGC7789,星雾星团
NGC7789,蟹星团
NGC7789,赫歇尔的螺旋星团
NGC7789,赫歇尔螺旋星团
NGC7789,鬼魂星团
NGC7790,寡妇的网星团
NGC7790,寡妇网星团
NGC7793,邦德星系
NGC7814,小墨西哥帽星系
NGC7814,电弧星系
NGC869,双星团
NGC869,英仙座h
NGC87,罗伯特四重星系
NGC88,罗伯特四重星系
NGC884,双星团
NGC884,英仙座χ
NGC89,罗伯特四重星系
NGC92,罗伯特四重星系
NGC936,达斯·维德星际战舰
NGC936,达斯·维德的星际战舰
NGc2269,星际战士星团
NGc2269,猎头星团
OH231.8+4.2,臭蛋星云
OH231.8+4.2,葫芦星云
PGC100169,仙后座1星系
PGC100170,仙后座2星系
PGC100170,德文格洛1
PGC10074,天炉座星系
PGC10074,天炉座矮星系
PGC10217,马费伊 II
PGC10217,马费伊2
PGC119230,辣椒星系
PGC120,太妃糖星系
PGC120,太妃糖系统
PGC12737,霍姆伯格VI
PGC129,太妃糖星系
PGC129,太妃糖系统
PGC139235,六分仪座环
PGC139235,六分仪座环状星系
PGC14098,E1星团
PGC14212,舒斯特螺旋星系
PGC14225,时钟座矮星系
PGC143,沃尔夫-隆达马克-梅洛帝星系 (WLM)
PGC15172,雕具座星云
PGC166082,鹿豹座A
PGC166084,鹿豹座B
PGC17223,LMC
PGC17223,大麦云
PGC17223,大麦哲伦云
PGC17716,猎户座矮星系
PGC19441,船底座矮星系
PGC19481,南椭圆星系
PGC19481,林赛-夏普利戒指
PGC19481,格雷厄姆A
PGC20125,南船座矮不规则星系
PGC20348,积分号星系
PGC2121,仙女座III矮星系
PGC2248,兹威基椭圆
PGC2248,兹威基的椭圆
PGC2248,车轮星系
PGC2248,车轮环星系
PGC22641,凤凰座星系
PGC23324,霍姆伯格II
PGC2345,感叹号星系
PGC23521,M81 A矮星系
PGC26071,霍姆伯格III
PGC26132,蝗虫A
PGC26269,长蛇座A
PGC2666,仙女座I矮星系
PGC27605,霍姆伯格I
PGC2796,伯比奇链
PGC2807155,仙后座矮椭球星系
PGC2807155,仙女座VII
PGC2807158,仙女座VI
PGC2807158,飞马座II
PGC2807158,飞马座矮星系
PGC28757,霍姆伯格IX
PGC28759,Arp环
PGC28913,六分仪座B
PGC2906,巴德A星系
PGC2907,巴德B星系
PGC29152,左轮手枪星系
PGC29167,花环星系
PGC29194,唧筒座矮星系
PGC29284,M81 B矮星系
PGC29529,船帆座环星系
PGC29653,六分仪座A
PGC3074547,半人马座双极星云
PGC3074547,旋镖星云
PGC3097690,仙王座I
PGC3097691,鲸鱼座矮星系
PGC31141,哈罗II
PGC31923,蜘蛛星系
PGC32907,蚂蚁星系
PGC33423,马亚尔天体
PGC34176,哈灵顿-威尔逊#2
PGC34176,狮子座B
PGC34176,狮子座II矮星系
PGC34658,埃尔普星系
PGC34696,飞鸟星系
PGC3589,玉夫座矮星系
PGC3589,玉夫座系统
PGC3589,网状系统
PGC36723,狂野三重星系
PGC36733,狂野三重星系
PGC36742,狂野三重星系
PGC3792,双鱼座I
PGC3792,双鱼座矮星系
PGC3853,夏普利-艾姆斯 1
PGC40012,虹吸管
PGC41578,雷睦斯80
PGC41861,霍姆伯格VII
PGC42102,马琳1
PGC42911,半人马座星系链
PGC43345,夏普利-艾姆斯3
PGC44014,夏普利-艾姆斯4
PGC44491,脚印星系
PGC45901,哈德卡斯特星系
PGC45927,霍姆伯格VIII
PGC4601,仙女座 II
PGC4601,仙女座II矮星系
PGC47847,佛洛卡德-菲格罗亚天体
PGC47847,佛洛卡德-菲格罗亚星系
PGC48392,霍姆伯格V
PGC49448,霍姆伯格IV
PGC49560,牙医椅子
PGC49560,牙医的椅子
PGC50779,圆规座星系
PGC52283,塞格纳轮盘星系
PGC54074,小熊座矮星系
PGC54559,霍格天体
PGC54817,钩状星系
PGC58985,凯瑟琳之轮
PGC59061,兹维基三重星系
PGC59085,兹维基三重星系
PGC59102,兹维基三重星系
PGC59117,武仙座A
PGC60095,天龙座矮星系
PGC621,玉夫座矮不规则星系
PGC6240,白玫瑰星系
PGC62946,鸟星系
PGC63287,人马座矮不规则星系
PGC63287,科瓦尔天体
PGC63932,天鹅座A
PGC64180,麦克莱什天体
PGC65367,宝瓶座矮星系
PGC66669,夏普利-艾姆斯6
PGC6830,凤凰座矮星系
PGC6830,舒斯特-韦斯特星团
PGC69457,赫钦拉透镜星系
PGC69519,杜鹃座矮星系
PGC71538,飞马座矮星系
PGC71938,巴尔伯恩星系
PGC73957,闵可夫斯基天体
PGC84913,超级触角星系
PGC86622,马林II
PGC88608,六分仪座矮椭球星系
PGC90170,帕多瓦 3
PGC95597,迈尔因16
PGC9892,马费伊 I
PGC9892,马费伊1
PK010+18.2,双喷流星云
PK010+18.2,闵可夫斯基的蝴蝶
PK010+18.2,闵可夫斯基蝴蝶
PK064+05.1,坎贝尔氢星
PK080-10.1,玛土撒拉星云
PK086-08.1,婴儿哑铃星云
PK164+31.1,琼斯-爱默生1
PK164+31.1,耳罩星云
PK166-06.1,威斯布鲁克星云
PK283+25.1,南夜枭星云
PK315+09.1,南蟹状星云
PK329+02.1,细指环星云
PK331-01.1,恐怖之屋
PK331-01.1,蚂蚁星云
PK331-12.1,刺魟星云
PK340-03.1,睡莲花星云
PNG010.4+04.4,樱井之星
PNG054.2-03.4,项链星云
PNG353.8+02.9,棉花糖星云
RCW114,龙心星云
RCW77,沙漏星云
RCW77,蚀刻沙漏星云
SH2101,天鹅座恒星云
SH2101,郁金香星云
SH2103,天鹅圈
SH2103,面纱星云
SH2106,雪天使星云
SH2108,天津一区
SH2114,飞龙星云
SH2129,飞蝙蝠星云
SH2132,狮子星云
SH2155,洞穴星云
SH2157,加利福尼托星云
SH2157,龙虾钳星云
SH2158,德雷尔天体
SH2188,海豚星云
SH2199,灵魂星云
SH2216,次近行星状星云
SH2240,西梅兹147
SH2240,面条星云
SH2261,拉沃尔星云
SH2264,神仙鱼星云
SH2264,北猎户泡
SH2264,猎户座头部星云
SH2264,觜宿一分子环
SH2274,美杜莎星云
SH2275,玫瑰星云
SH2276,巴纳德弧
SH2276,巴纳德环
SH2292,海鸥星云
SH2296,海鸥的翅膀
SH2296,海鸥翅膀
SH23,绿环星云
SH2302,雪人星云
SH28,熊掌星云
SH282,小茧星云
SNRG039.7-02.0,海牛星云
SNRG111.7-02.1,仙后座A
SNRG120.2+01.4,第谷超新星残骸
SNRG260.4-03.4,船尾座A
SNRG266.2-01.2,船帆座幼体
UGC10214,蝌蚪星系
UGC11668,天鹅蛋星云
UGC11668,蛋星云
UGC12613,飞马座矮不规则星系
UGC3087,金牛座BW
UGC4881,蝗虫星系
UGC5364,狮子座A
UGC5364,狮子座III
UGC5364,狮子座矮不规则星系
UGC5439,六分仪座C
UGC5470,哈灵顿-威尔逊#1
UGC5470,狮子座I
UGC5470,轩辕十四矮星系
UGC6132,马卡良421
UGC6955,兹维基#2
UGC8058,马卡良231
UGC9618,惊叹号星系
UGC9792,巨蛇座矮星系
VDB107,心宿二反射星云
VDB141,鬼魂星云
VDB149,黑鲨星云
VDB150,黑鲨星云
VV786,柠檬星系
